name	newname	source	env_broad	host	bioproject	accession_curated	read_path	assembly_path	notes
04302015_32_Saccharibacteria_50_10	04302015_32_Saccharibacteria_50_10	ggkbase	freshwater		04302015_32	SRX2648758			
04302015_32_Saccharibacteria_50_13	04302015_32_Saccharibacteria_50_13	ggkbase	freshwater		04302015_32	SRX2648758			
08E140C01_Z5_2013_IG3399_TM7_40_176	08E140C01_Z5_2013_IG3399_TM7_40_176	ggkbase	freshwater		08E140C01_Z5_2013_IG3399	SRX1775573			
09V250M02_2016_bjp_ig8144_Candidatus_Saccharibacteria_40_16	09V250M02_2016_bjp_ig8144_Candidatus_Saccharibacteria_40_16	ggkbase	freshwater						
19_LumberBridge_sub10_Maybe_SR1_34_6	19_LumberBridge_sub10_Maybe_SR1_34_6	ggkbase	freshwater						
ACD3	ACD3	ggkbase	freshwater		Rifle_ACD	SRX130430, SRX130429, SRX130428			
ACD4	ACD4	ggkbase	freshwater		Rifle_ACD	SRX130430, SRX130429, SRX130428			
ACD49	ACD49	ggkbase	freshwater		Rifle_ACD	SRX130430, SRX130429, SRX130428			
AGMB2_Candidatus_Saccharibacteria_47_48	AGMB2_Candidatus_Saccharibacteria_47_48	ggkbase	animal-associated		AGMB2		/data7/other/dknight/deep_primate/raw.d/AGMB2/AGMB2_trim_clean.PE.1.fastq.gz	/data7/other/dknight/deep_primate/assembly.d/AGMB2_idba_ud/AGMB2_scaffold_min1000*	
alan_book_18_Saccharibacteria-like_48_71	alan_book_18_Saccharibacteria-like_48_71	ggkbase	freshwater		alan_book_18		/groups/banfield/projects/environmental/nc_groundwater/individual_sites/alan_book/raw.d/QB3_190614_novaseq/alan_book_18_Bp1/alan_book_18_trim_clean.PE.1.fastq.gz	/groups/banfield/projects/environmental/nc_groundwater/individual_sites/alan_book/assembly.d/QB3_190614_novaseq/alan_book_18_Bp1/alan_book_18_Bp1_megahit_full/alan_book_18_min1000.fa	
Alum_Rock_2019_MS4_BD1-5-probably_22_121	Alum_Rock_2019_MS4_BD1-5-probably_22_121	ggkbase	freshwater		Alum_Rock_2019_MS4		/groups/banfield/sequences/2020/JBLV_MS4_S141/raw.d/AlumRock_MS4_05142019_trim_clean.PE.1.fastq.gz	/groups/banfield/sequences/2020/JBLV_MS4_S141/assembly.d/AlumRock_MS4_05142019_idba_ud/AlumRock_MS4_05142019_scaffold_min1000	
ALUMROCK_MS4_BD1-5_23_16_curated	ALUMROCK_MS4_BD1-5_23_16_curated	ggkbase	freshwater		ALUMROCK_MS4		/groups/banfield/temp/jaffe_10122020/MS4_combo.1.fastq.gz		
ALUMROCK_MS4_SR1_33_49_curated	ALUMROCK_MS4_SR1_33_49_curated	ggkbase	freshwater		ALUMROCK_MS4		/groups/banfield/temp/jaffe_10122020/MS4_combo.1.fastq.gz		
AR_2015_1-01_Candidatus_Saccharibacteria_43_7_curated	AR_2015_1-01_Candidatus_Saccharibacteria_43_7_curated	ggkbase	freshwater		AR_2015_1-01		/groups/banfield/temp/jaffe_10122020/JBKBG01C_S3_L001_trim_clean.PE.1.fastq.gz		
AR_2015_2-01_BD1-5_23_23_curated	AR_2015_2-01_BD1-5_23_23_curated	ggkbase	freshwater		AR_2015_2-01		/groups/banfield/temp/jaffe_10122020/JBKBG01D_S4_L001_trim_clean.PE.1.fastq.gz		
AR_2015_2-065_BD1-5_24_8_curated	AR_2015_2-065_BD1-5_24_8_curated	ggkbase	freshwater						
AWTP-2_BAC_bulk_4_Candidatus_Saccharibacteria_43_29	AWTP-2_BAC_bulk_4_Candidatus_Saccharibacteria_43_29	ggkbase	engineered		AWTP-2_BAC_bulk_4		/groups/banfield/temp/jaffe_10122020/water-treatment_AWTP-2_BAC_bulk_4_trim_clean.PE.1.fastq.gz		
AWTP-2_BAC_bulk_4_Candidatus_Saccharibacteria_46_20	AWTP-2_BAC_bulk_4_Candidatus_Saccharibacteria_46_20	ggkbase	engineered		AWTP-2_BAC_bulk_4		/groups/banfield/temp/jaffe_10122020/water-treatment_AWTP-2_BAC_bulk_4_trim_clean.PE.1.fastq.gz		
AWTP-2_BAC_bulk_4_Candidatus_Saccharibacteria_48_19	AWTP-2_BAC_bulk_4_Candidatus_Saccharibacteria_48_19	ggkbase	engineered		AWTP-2_BAC_bulk_4		/groups/banfield/temp/jaffe_10122020/water-treatment_AWTP-2_BAC_bulk_4_trim_clean.PE.1.fastq.gz		
AWTP-2_BAC_bulk_4_Saccharibacteria_45_59	AWTP-2_BAC_bulk_4_Saccharibacteria_45_59	ggkbase	engineered		AWTP-2_BAC_bulk_4		/groups/banfield/temp/jaffe_10122020/water-treatment_AWTP-2_BAC_bulk_4_trim_clean.PE.1.fastq.gz		
AWTP-2_BAC_bulk_4_Saccharibacteria_51_18	AWTP-2_BAC_bulk_4_Saccharibacteria_51_18	ggkbase	engineered		AWTP-2_BAC_bulk_4		/groups/banfield/temp/jaffe_10122020/water-treatment_AWTP-2_BAC_bulk_4_trim_clean.PE.1.fastq.gz		
AWTP-2_BAC_bulk_4_Saccharibacteria_55_19	AWTP-2_BAC_bulk_4_Saccharibacteria_55_19	ggkbase	engineered		AWTP-2_BAC_bulk_4		/groups/banfield/temp/jaffe_10122020/water-treatment_AWTP-2_BAC_bulk_4_trim_clean.PE.1.fastq.gz		
AWTP-2_inf_bulk_2_Saccharibacteria_41_95	AWTP-2_inf_bulk_2_Saccharibacteria_41_95	ggkbase	engineered		AWTP-2_inf_bulk_2		/groups/banfield/temp/jaffe_10122020/water-treatment_AWTP-2_inf_bulk_2_trim_clean.PE.1.fastq.gz		
baboon_AMB_005_Candidatus_Saccharibacteria_48_384	baboon_AMB_005_Candidatus_Saccharibacteria_48_384	ggkbase	animal-associated	Papio sp.	baboon_AMB_005		/data9/jsantini2/analysis/audra_prevotella/post-capture_baboons/raw.d/single/baboon_AMB_005/baboon_AMB_005_trim_clean.fastq.gz	/data9/jsantini2/analysis/audra_prevotella/post-capture_baboons/raw.d/single/baboon_AMB_005/baboon_AMB_005_scaffold_min1000*	
BD02T64_BD1-5	BD02T64_BD1-5	ggkbase	marine		BD02T64	SRX1796715			
Candidatus Saccharibacteria bacterium RIFCSPHIGHO2_01_FULL_45_15	Candidatus_Saccharibacteria_bacterium_RIFCSPHIGHO2_01_FULL_45_15	ggkbase	freshwater		RIFCSPHIGHO2_01_FULL		/groups/banfield/projects/environmental/Rifle/data10/O2_injection/raw.d/RifCSPhighO2_01/rifcsphigho2_01_7402.7.70810.CTTGTA.PE.1.fastq.gz	/groups/banfield/projects/environmental/Rifle/data10/O2_injection/assembly.d/RifCSPhighO2_01/idba_ud_full/rifcsphigho2_01_scaffold_min1000.fa	
Candidatus Saccharibacteria bacterium RIFCSPHIGHO2_01_FULL_46_30	Candidatus_Saccharibacteria_bacterium_RIFCSPHIGHO2_01_FULL_46_30	ggkbase	freshwater		RIFCSPHIGHO2_01_FULL		/groups/banfield/projects/environmental/Rifle/data10/O2_injection/raw.d/RifCSPhighO2_01/rifcsphigho2_01_7402.7.70810.CTTGTA.PE.1.fastq.gz	/groups/banfield/projects/environmental/Rifle/data10/O2_injection/assembly.d/RifCSPhighO2_01/idba_ud_full/rifcsphigho2_01_scaffold_min1000.fa	
Candidatus Saccharibacteria bacterium RIFCSPHIGHO2_12_FULL_41_12	Candidatus_Saccharibacteria_bacterium_RIFCSPHIGHO2_12_FULL_41_12	ggkbase	freshwater		RIFCSPHIGHO2_12_FULL		/groups/banfield/projects/environmental/Rifle/data10/O2_injection/raw.d/RifCSPhighO2_12/rifcsphigho2_12_7402.5.70812.TAGCTT.PE.1.fastq.gz	/groups/banfield/projects/environmental/Rifle/data10/O2_injection/assembly.d/RifCSPhighO2_12/idba_ud_full/rifcsphigho2_12_scaffold_min1000.fa	
Candidatus Saccharibacteria bacterium RIFCSPHIGHO2_12_FULL_47_17	Candidatus_Saccharibacteria_bacterium_RIFCSPHIGHO2_12_FULL_47_17	ggkbase	freshwater		RIFCSPHIGHO2_12_FULL		/groups/banfield/projects/environmental/Rifle/data10/O2_injection/raw.d/RifCSPhighO2_12/rifcsphigho2_12_7402.5.70812.TAGCTT.PE.1.fastq.gz	/groups/banfield/projects/environmental/Rifle/data10/O2_injection/assembly.d/RifCSPhighO2_12/idba_ud_full/rifcsphigho2_12_scaffold_min1000.fa	
Candidatus Saccharibacteria bacterium RIFCSPHIGHO2_12_FULL_48_21	Candidatus_Saccharibacteria_bacterium_RIFCSPHIGHO2_12_FULL_48_21	ggkbase	freshwater		RIFCSPHIGHO2_12_FULL		/groups/banfield/projects/environmental/Rifle/data10/O2_injection/raw.d/RifCSPhighO2_12/rifcsphigho2_12_7402.5.70812.TAGCTT.PE.1.fastq.gz	/groups/banfield/projects/environmental/Rifle/data10/O2_injection/assembly.d/RifCSPhighO2_12/idba_ud_full/rifcsphigho2_12_scaffold_min1000.fa	
CG_2015-01t_Candidatus_Saccharibacteria_48_29_curated	CG_2015-01t_Candidatus_Saccharibacteria_48_29_curated	ggkbase	freshwater		CG_2015-01t		/groups/banfield/projects/environmental/CrystalGeyser/raw.d/ETOP_2015/CG_2015-01t/CG_2015-01t_trim_clean.PE.1.fastq.gz	/groups/banfield/projects/environmental/CrystalGeyser/assembly.d/ETOP_2015/CG_2015-01t_idba_ud/CG_2015-01t_scaffold_min*	
CG_2015-13_Gracilibacteria_32_15_curated	CG_2015-13_Gracilibacteria_32_15_curated	ggkbase	freshwater		CG_2015-13		/groups/banfield/projects/environmental/CrystalGeyser/raw.d/ETOP_2015/CG_2015-13/CG_2015-13_trim_clean.PE.1.fastq.gz	/groups/banfield/projects/environmental/CrystalGeyser/assembly.d/ETOP_2015/CG_2015-13_idba_ud/CG_2015-13_scaffold_min*	
CG_4_10_14_0_2_um_filter_Candidatus_Saccharibacteria_52_9	CG_4_10_14_0_2_um_filter_Candidatus_Saccharibacteria_52_9	ggkbase	freshwater		CG_4_10_14_0_2_um_filter		/groups/banfield/projects/environmental/CrystalGeyser/raw.d/ETOP/Crystal_Geyser_4_10_14_0.2_um_filter/8555.2.104187.ATCACG_trim_clean.PE.1.fastq.gz	/groups/banfield/projects/environmental/CrystalGeyser/assembly.d/ETOP/Crystal_Geyser_4_10_14_0.2_um_filter/CG_4_10_14_0.2_idba_ud/CG_4_10_14_0.2_scaffold_min1000*	
CG_4_9_14_3_um_filter_150_SR1_40_9	CG_4_9_14_3_um_filter_150_SR1_40_9	ggkbase	freshwater		CG_4_9_14_3_um_filter_150		/groups/banfield/projects/environmental/CrystalGeyser/raw.d/ETOP/Crystal_Geyser_4_9_14_3_um_filter/8470.1.102127.GAGTGG_150_trim_clean.PE.1.fastq.gz	/groups/banfield/projects/environmental/CrystalGeyser/assembly.d/ETOP/Crystal_Geyser_4_9_14_3_um_filter_150/CG_4_9_14_3_um_filter_150_idba_ud/CG_4_9_14_3_um_filter_150_scaffold_min1000*	
CG10_big_fil_rev_8_21_14_0_10_CPR_Bacteria_47_8	CG10_big_fil_rev_8_21_14_0_10_CPR_Bacteria_47_8	ggkbase	freshwater		CG10_big_fil_rev_8_21_14_0_10		/groups/banfield/projects/environmental/CrystalGeyser/raw.d/ETOP/Crystal_Geyser_CG10_big_fil_rev_8_21_14_0.10/8770.1.111489.GAGTGG_150_trim_clean.PE.1.fastq.gz	/groups/banfield/projects/environmental/CrystalGeyser/assembly.d/ETOP/Crystal_Geyser_CG10_big_fil_rev_8_21_14_0.10/CG10_big_fil_rev_8_21_14_0.10_idba_ud/CG10_big_fil_rev_8_21_14_0.10_scaffold_min1000*	
CG11_big_fil_rev_8_21_14_0_20_Saccharibacteria_TM7_41_19_curated	CG11_big_fil_rev_8_21_14_0_20_Saccharibacteria_TM7_41_19_curated	ggkbase	freshwater		CG11_big_fil_rev_8_21_14_0_20		/groups/banfield/projects/environmental/CrystalGeyser/raw.d/ETOP/CG11_big_fil_rev_8_21_14_0_20/8770.1.111489.GGTAGC_150_trim_clean.PE.1.fastq.gz	/groups/banfield/projects/environmental/CrystalGeyser/assembly.d/ETOP/Crystal_Geyser_CG11_big_fil_rev_8_21_14_0.20/CG11_big_fil_rev_8_21_14_0.20_idba_ud/CG11_big_fil_rev_8_21_14_0.20_scaffold_min1000*	
CG18_big_fil_WC_8_21_14_2_50_CG_GN02_01_38_16	CG18_big_fil_WC_8_21_14_2_50_CG_GN02_01_38_16	ggkbase	freshwater		CG18_big_fil_WC_8_21_14_2_50		/groups/banfield/projects/environmental/CrystalGeyser/raw.d/ETOP/CG18_big_fil_WC_8_21_14_2_50/8826.1.112890.GGCTAC_150_trim_clean.PE.1.fastq.gz	/groups/banfield/projects/environmental/CrystalGeyser/assembly.d/ETOP/Crystal_Geyser_CG18_big_fil_WC_8_21_14_2.50/CG18_big_fil_WC_8_21_14_2.50_150_idba_ud/CG18_big_fil_WC_8_21_14_2.50_150_scaffold_min1000*	
CG19_WC_8_21_14_NA_150_Candidatus_Saccharibacteria_47_15	CG19_WC_8_21_14_NA_150_Candidatus_Saccharibacteria_47_15	ggkbase	freshwater		CG19_WC_8_21_14_NA_150		/groups/banfield/projects/environmental/CrystalGeyser/raw.d/ETOP/Crystal_Geyser_CG19_WC_8_21_14_NA/8824.1.112900.CTTGTA_150_trim_clean.PE.1.fastq.gz	/groups/banfield/projects/environmental/CrystalGeyser/assembly.d/ETOP/Crystal_Geyser_CG19_WC_8_21_14_NA_150/Crystal_Geyser_CG19_WC_8_21_14_NA_150_idba_ud/Crystal_Geyser_CG19_WC_8_21_14_NA_150_scaffold_min1000*	
CG2_30_FULL_Saccharibacteria_TM7_41_52_curated	CG2_30_FULL_Saccharibacteria_TM7_41_52_curated	ggkbase	freshwater		CG2_30_FULL_binning	SRX667892			
D31_L19	D31_L19	ggkbase	engineered		wastewater	SRX5784827			check this mapped well
D48_O6	D48_O6	ggkbase	engineered		wastewater	SRX5784853			check this mapped well
D49_O6	D49_O6	ggkbase	engineered		wastewater	SRX731627			check this mapped well
DOLJORAL78_BD1-5_24_7	DOLJORAL78_BD1-5_24_7	ggkbase	animal-associated	Tursiops truncatus	DOLJORAL78	SRX3165533			
DOLJORAL78_TM7_51_182	DOLJORAL78_TM7_51_182	ggkbase	animal-associated	Tursiops truncatus	DOLJORAL78	SRX3165533			
DOLZORAL124_TM7_54_13_A	DOLZORAL124_TM7_54_13_A	ggkbase	animal-associated	Tursiops truncatus	DOLZORAL124	SRX3165532			
DOLZORAL124_TM7_55_12	DOLZORAL124_TM7_55_12	ggkbase	animal-associated	Tursiops truncatus	DOLZORAL124	SRX3165532			
E_GD2017-1_P0_An_GD2017L_S7_Biohub_170907_Saccharibacteria_52_20	E_GD2017-1_P0_An_GD2017L_S7_Biohub_170907_Saccharibacteria_52_20	ggkbase	freshwater		E_GD2017-1_P0_An_GD2017L_S7_Biohub_170907				
E_GD2017-2_urea-3_S16_GE16_Biohub_170515_Saccharibacteria_42_17	E_GD2017-2_urea-3_S16_GE16_Biohub_170515_Saccharibacteria_42_17	ggkbase	freshwater		E_GD2017-2_urea-3_S16_GE16_Biohub_180515				
E_GD2017-2_urea-3_S16_GE16_Biohub_170515_Saccharibacteria_42_38	E_GD2017-2_urea-3_S16_GE16_Biohub_170515_Saccharibacteria_42_38	ggkbase	freshwater		E_GD2017-2_urea-3_S16_GE16_Biohub_180515				
ERR2889257_Saccharibacteria_45_320	ERR2889257_Saccharibacteria_45_320	ggkbase	animal-associated	Bos taurus		ERX2894182			
ERR2889262_Candidatus_Saccharibacteria_46_32	ERR2889262_Candidatus_Saccharibacteria_46_32	ggkbase	animal-associated	Bos taurus		ERX2894187			
F27_Saccharibacteria_47_107	F27_Saccharibacteria_47_107	ggkbase	animal-associated	Papio sp.	F27	SRX834660			
FFV18_S2p5_Saccharibacteria_43_18	FFV18_S2p5_Saccharibacteria_43_18	ggkbase	freshwater		FFV18_S2p5		/groups/banfield/projects/environmental/nc_groundwater/individual_sites/ffv/raw.d/QB3_190301_FFV_Montesol/FFV18_S2p5/FFV18_S2p5_trim_clean.PE.1.fastq.gz	/groups/banfield/projects/environmental/nc_groundwater/individual_sites/ffv/assembly.d/QB3_190301_FFV_Montesol/FFV18_S2p5/FFV18_S2p5_megahit_full/FFV18_S2p5_scaffold_min1000	
GD2017-1_manure_QB3_180125_SR1_candidate_33_10	GD2017-1_manure_QB3_180125_SR1_candidate_33_10	ggkbase	freshwater		GD2017-1_manure_QB3_180125		/groups/banfield/projects/industrial/genasci/genasci2/raw.d/QB3_180125/S1/S1_trim_clean.PE.1.fastq.gz	/groups/banfield/projects/industrial/genasci/genasci2/assembly.d/QB3_180125/S1/S1_idba_ud/S1_scaffold_min1000*	
GD2017-1_S_p1_S3_Biohub_170907_Candidatus_Saccharibacteria_47_86	GD2017-1_S_p1_S3_Biohub_170907_Candidatus_Saccharibacteria_47_86	ggkbase	engineered		GD2017-1_S_p1_S3_Biohub_170907		/groups/banfield/projects/industrial/genasci/genasci/raw.d/Biohub_170907/S_p1_S3/S_p1_S3_trim_clean.PE.1.fastq.gz	/groups/banfield/projects/industrial/genasci/genasci/assembly.d/Biohub_170907/S_p1_S3/S_p1_S3_megahit_full/S_p1_S3_scaffold_min1000*	
GD2017-2_S1_QB3_180125_Candidatus_Saccharibacteria_47_11	GD2017-2_S1_QB3_180125_Candidatus_Saccharibacteria_47_11	ggkbase	engineered		GD2017-2_S1_QB3_180125		/groups/banfield/projects/industrial/genasci/genasci2/raw.d/QB3_180125/S4/S4_trim_clean.PE.1.fastq.gz	/groups/banfield/projects/industrial/genasci/genasci2/assembly.d/QB3_180125/S4/S4_idba_ud/S4_scaffold_min1000*	
GD2018-4_B1_QB3_180703_Candidatus_Saccharibacteria_49_9	GD2018-4_B1_QB3_180703_Candidatus_Saccharibacteria_49_9	ggkbase	engineered		GD2018-4_B1_QB3_180703		/groups/banfield/projects/industrial/genasci/genasci2/raw.d/QB3_180703/GD18-4_B1/GD18-4_B1_trim_clean.PE.1.fastq.gz	/groups/banfield/projects/industrial/genasci/genasci2/assembly.d/QB3_180703/GD18-4_B1/GD18-4_B1_megahit_full/GD18-4_B1_scaffold_min1000*	
GWC2_TM7_44_17_curated	GWC2_TM7_44_17_curated	ggkbase	freshwater		GWC2		/groups/banfield/projects/environmental/Rifle/data10/raw.d/groundwater_filtrate/gwc2_CZBN.6181.7.39407_ren.1_spe.fastq.gz	/groups/banfield/projects/environmental/Rifle/data10/assembly.d/groundwater_filtrate/GWC2/idba_ud/gwc2_scaffold_rcounts_min5000*	
GWC2_TM7_48_9	GWC2_TM7_48_9	ggkbase	freshwater		GWC2		/groups/banfield/projects/environmental/Rifle/data10/raw.d/groundwater_filtrate/gwc2_CZBN.6181.7.39407_ren.1_spe.fastq.gz	/groups/banfield/projects/environmental/Rifle/data10/assembly.d/groundwater_filtrate/GWC2/idba_ud/gwc2_scaffold_rcounts_min5000*	
H1c1_Candidatus_Saccharibacteria_51_7	H1c1_Candidatus_Saccharibacteria_51_7	ggkbase	soil		H1c1		/groups/banfield/projects/environmental/EastRiver/Vegtype/raw.d/H1c1/H1c1_trim_clean_combined.PE.1.fastq.gz	/groups/banfield/projects/environmental/EastRiver/Vegtype/assembly.d/H1c1/H1c1_full_idba_ud/H1c1_full_scaffold_min1000	
H1c1_Saccharibacteria_45_10	H1c1_Saccharibacteria_45_10	ggkbase	soil		H1c1		/groups/banfield/projects/environmental/EastRiver/Vegtype/raw.d/H1c1/H1c1_trim_clean_combined.PE.1.fastq.gz	/groups/banfield/projects/environmental/EastRiver/Vegtype/assembly.d/H1c1/H1c1_full_idba_ud/H1c1_full_scaffold_min1000	
H1c1_Saccharibacteria_51_67	H1c1_Saccharibacteria_51_67	ggkbase	soil		H1c1		/groups/banfield/projects/environmental/EastRiver/Vegtype/raw.d/H1c1/H1c1_trim_clean_combined.PE.1.fastq.gz	/groups/banfield/projects/environmental/EastRiver/Vegtype/assembly.d/H1c1/H1c1_full_idba_ud/H1c1_full_scaffold_min1000	
H1c1_Saccharibacteria_TM7_49_7	H1c1_Saccharibacteria_TM7_49_7	ggkbase	soil		H1c1		/groups/banfield/projects/environmental/EastRiver/Vegtype/raw.d/H1c1/H1c1_trim_clean_combined.PE.1.fastq.gz	/groups/banfield/projects/environmental/EastRiver/Vegtype/assembly.d/H1c1/H1c1_full_idba_ud/H1c1_full_scaffold_min1000	
H1c1_Saccharibacteria_TM7_50_9	H1c1_Saccharibacteria_TM7_50_9	ggkbase	soil		H1c1		/groups/banfield/projects/environmental/EastRiver/Vegtype/raw.d/H1c1/H1c1_trim_clean_combined.PE.1.fastq.gz	/groups/banfield/projects/environmental/EastRiver/Vegtype/assembly.d/H1c1/H1c1_full_idba_ud/H1c1_full_scaffold_min1000	
H1c2_Saccharibacteria_54_8	H1c2_Saccharibacteria_54_8	ggkbase	soil		H1c2		/groups/banfield/projects/environmental/EastRiver/Vegtype/raw.d/H1c2/H1c2_trim_clean_combined.PE.1.fastq	/groups/banfield/projects/environmental/EastRiver/Vegtype/assembly.d/H1c2v2/H1c2_full_idba_ud/H1c2_full_scaffold_min1000*	
H2c1_Saccharibacteria_49_6	H2c1_Saccharibacteria_49_6	ggkbase	soil		H2c1		/groups/banfield/projects/environmental/EastRiver/Vegtype/raw.d/H2c1/H2c1_trim_clean_combined.PE.1.fastq.gz	/groups/banfield/projects/environmental/EastRiver/Vegtype/assembly.d/H2c1/H2c1_full_idba_ud/H2c1_full_scaffold_min1000	
JBCH_GD18_4_SO65_S178_Candidatus_Saccharibacteria_47_15	JBCH_GD18_4_SO65_S178_Candidatus_Saccharibacteria_47_15	ggkbase	freshwater		GD2018-4_Sp1_QB3_180703_real		/groups/banfield/projects/industrial/genasci/genasci2/raw.d/QB3_180727/GD18-4_Sp1_real/JBCH_GD18_4_SO65_S178_L001_trim_clean.PE.1.fastq.gz	/groups/banfield/projects/industrial/genasci/genasci2/assembly.d/QB3_180727/GD18-4_Sp1_real/GD18-4_Sp1_real_megahit_full/JBCH_GD18_scaffold_min1000.fa	
JBCH_GD18_4_SO65_S178_Candidatus_Saccharibacteria_49_10	JBCH_GD18_4_SO65_S178_Candidatus_Saccharibacteria_49_10	ggkbase	freshwater		GD2018-4_Sp1_QB3_180703_real		/groups/banfield/projects/industrial/genasci/genasci2/raw.d/QB3_180727/GD18-4_Sp1_real/JBCH_GD18_4_SO65_S178_L001_trim_clean.PE.1.fastq.gz	/groups/banfield/projects/industrial/genasci/genasci2/assembly.d/QB3_180727/GD18-4_Sp1_real/GD18-4_Sp1_real_megahit_full/JBCH_GD18_scaffold_min1000.fa	
JBCH_GD18_4_SO65_S178_Candidatus_Saccharibacteria_49_23	JBCH_GD18_4_SO65_S178_Candidatus_Saccharibacteria_49_23	ggkbase	freshwater		GD2018-4_Sp1_QB3_180703_real		/groups/banfield/projects/industrial/genasci/genasci2/raw.d/QB3_180727/GD18-4_Sp1_real/JBCH_GD18_4_SO65_S178_L001_trim_clean.PE.1.fastq.gz	/groups/banfield/projects/industrial/genasci/genasci2/assembly.d/QB3_180727/GD18-4_Sp1_real/GD18-4_Sp1_real_megahit_full/JBCH_GD18_scaffold_min1000.fa	
L1c2_Saccharibacteria_47_7	L1c2_Saccharibacteria_47_7	ggkbase	soil		L1c2		/groups/banfield/projects/environmental/EastRiver/Vegtype/raw.d/L1c2/L1c2_trim_clean_combined.PE.1.fastq.gz	/groups/banfield/projects/environmental/EastRiver/Vegtype/assembly.d/L1c2/L1c2_full_idba_ud/L1c2_full_scaffold_min1000	
L2c1_Candidatus_Saccharibacteria_49_10	L2c1_Candidatus_Saccharibacteria_49_10	ggkbase	soil		L2c1		/groups/banfield/projects/environmental/EastRiver/Vegtype/raw.d/L2c1/L2c1_trim_clean_combined.PE.1.fastq.gz	/groups/banfield/projects/environmental/EastRiver/Vegtype/assembly.d/L2c1/L2c1_full_idba_ud/L2c1_full_scaffold_min1000*	
L2c1_concoct_92	L2c1_concoct_92	ggkbase	soil		L2c1		/groups/banfield/projects/environmental/EastRiver/Vegtype/raw.d/L2c1/L2c1_trim_clean_combined.PE.1.fastq.gz	/groups/banfield/projects/environmental/EastRiver/Vegtype/assembly.d/L2c1/L2c1_full_idba_ud/L2c1_full_scaffold_min1000*	
L2c1_Saccharibacteria_51_31	L2c1_Saccharibacteria_51_31	ggkbase	soil		L2c1		/groups/banfield/projects/environmental/EastRiver/Vegtype/raw.d/L2c1/L2c1_trim_clean_combined.PE.1.fastq.gz	/groups/banfield/projects/environmental/EastRiver/Vegtype/assembly.d/L2c1/L2c1_full_idba_ud/L2c1_full_scaffold_min1000*	
L2c2_Candidatus_Saccharibacteria_48_7	L2c2_Candidatus_Saccharibacteria_48_7	ggkbase	soil		L2c2		/groups/banfield/projects/environmental/EastRiver/Vegtype/raw.d/L2c2/L2c2_trim_clean_combined.PE.1.fastq.gz	/groups/banfield/projects/environmental/EastRiver/Vegtype/assembly.d/L2c2/L2c2_full_idba_ud/L2c2_full_scaffold_min1000*	
Montesol18_Bp1_coassembly_Saccharibacteria_45_9	Montesol18_Bp1_coassembly_Saccharibacteria_45_9	ggkbase	freshwater		Montesol18_Bp1_coassembly		/groups/banfield/projects/environmental/nc_groundwater/individual_sites/montesol/assembly.d/QB3_190301_190422_coassembly/trimmed_reads/Montesol18_Bp1_coassembly_trim_clean.PE.1.fastq.gz	/groups/banfield/projects/environmental/nc_groundwater/individual_sites/montesol/assembly.d/QB3_190301_190422_coassembly/Montesol18_Bp1_megahit_full/Montesol18_Bp1_coassembly_min1000	
Montesol18_Sp2_coassembly_Saccharibacteria_48_11	Montesol18_Sp2_coassembly_Saccharibacteria_48_11	ggkbase	freshwater		Montesol18_Sp2_coassembly		/groups/banfield/projects/environmental/nc_groundwater/individual_sites/montesol/assembly.d/QB3_190301_19059_coassembly/Montesol18-Sp2/Montesol18-Sp2_coassembly_trim_clean.PE.1.fastq.gz	/groups/banfield/projects/environmental/nc_groundwater/individual_sites/montesol/assembly.d/QB3_190301_19059_coassembly/Montesol18-Sp2/Montesol18-Sp2_megahit_full/Montesol18-Sp2_coassembly_scaffold_min1000	
NA04_Candidatus_Saccharibacteria_41_123	NA04_Candidatus_Saccharibacteria_41_123	ggkbase	engineered		NA04		/groups/banfield/projects/industrial/lac_srp/LAC_NA04.d/raw.d/LAC.NA.04_trim_clean.PE.1.fastq.gz	/groups/banfield/projects/industrial/lac_srp/LAC_NA04.d/assembly.d/LAC_NA04_idba_ud/LAC_NA04_scaffold_min1000.fa	
NA05_Candidatus_Saccharibacteria_41_112	NA05_Candidatus_Saccharibacteria_41_112	ggkbase	engineered		NA05		/groups/banfield/projects/industrial/lac_srp/LAC_NA05.d/raw.d/LAC.NA.05_trim_clean.PE.1.fastq.gz	/groups/banfield/projects/industrial/lac_srp/LAC_NA05.d/assembly.d/LAC_NA05_idba_ud/LAC_NA05_scaffold_min1000*	
ph2015_02_Absconditabacteria_SR1_33_7_curated	ph2015_02_Absconditabacteria_SR1_33_7_curated	ggkbase	freshwater		PH2015_02	SRX4149223			provided by KBG
PH2017_17_BER_D_A_full_SR-1_test_32_6	PH2017_17_BER_D_A_full_SR-1_test_32_6	ggkbase	freshwater						
pig_ID_1473_F101_Saccharibacteria_45_8	pig_ID_1473_F101_Saccharibacteria_45_8	ggkbase	animal-associated	Sus scrofa	pig_ID_1473_F101	ERR2597407			
pig_ID_1851_F40_2_B1_Saccharibacteria_45_18	pig_ID_1851_F40_2_B1_Saccharibacteria_45_18	ggkbase	animal-associated	Sus scrofa	pig_ID_1851_F40_2_B1	ERR2597495			
pig_ID_1851_F40_2_B2_Saccharibacteria_45_12	pig_ID_1851_F40_2_B2_Saccharibacteria_45_12	ggkbase	animal-associated	Sus scrofa	pig_ID_1851_F40_2_B2	ERR2597359			
pig_ID_1851_F40_2_Saccharibacteria_45_10	pig_ID_1851_F40_2_Saccharibacteria_45_10	ggkbase	animal-associated	Sus scrofa	pig_ID_1851_F40_2	ERR2597451			
pig_ID_1851_F40_A1_Saccharibacteria_45_14	pig_ID_1851_F40_A1_Saccharibacteria_45_14	ggkbase	animal-associated	Sus scrofa	pig_ID_1851_F40_A1	ERR2597494			
pig_ID_87_F57_Saccharibacteria_45_16	pig_ID_87_F57_Saccharibacteria_45_16	ggkbase	animal-associated	Sus scrofa	pig_ID_87_F57	ERR2597332			
PRE3_SALIVA_Saccharibacteria_40_17	PRE3_SALIVA_Saccharibacteria_40_17	ggkbase	animal-associated	Homo sapiens	PRE3_SALIVA		/groups/banfield/temp/jaffe_10122020/PRE3_SALIVA_trim_clean.PE.1.fastq.gz		
QS_5_TM7_54_17	QS_5_TM7_54_17	ggkbase	hypersaline		QS_5	SRX3629519			
QS_8_TM7_54_8	QS_8_TM7_54_8	ggkbase	hypersaline		QS_8	SRX3629516			
RAAC3_TM7	RAAC3_TM7	ggkbase	freshwater		RAAC		/groups/banfield/projects/environmental/Rifle/data5/Rifle-aac/aac_data/reads/aac3.1.fastq.gz		
RIFCSPHIGHO2_02_FULL_Saccharibacteria_47_12	RIFCSPHIGHO2_02_FULL_Saccharibacteria_47_12	ggkbase	freshwater		RIFCSPHIGHO2_02_FULL		/groups/banfield/projects/environmental/Rifle/data10/O2_injection/raw.d/RifCSPhighO2_02/rifcsphigho2_02_7402.6.70806.GGCTAC.PE.1.fastq.gz	/groups/banfield/projects/environmental/Rifle/data10/O2_injection/assembly.d/RifCSPhighO2_02/idba_ud_full/rifcsphigho2_02_scaffold_min1000.fa	
RIFCSPHIGHO2_12_FULL_Saccharibacteria_42_8	RIFCSPHIGHO2_12_FULL_Saccharibacteria_42_8	ggkbase	freshwater		RIFCSPHIGHO2_12_FULL		/groups/banfield/projects/environmental/Rifle/data10/O2_injection/raw.d/RifCSPhighO2_12/rifcsphigho2_12_7402.5.70812.TAGCTT.PE.1.fastq.gz	/groups/banfield/projects/environmental/Rifle/data10/O2_injection/assembly.d/RifCSPhighO2_12/idba_ud_full/rifcsphigho2_12_scaffold_min1000.fa	
RIFCSPHIGHO2_12_FULL_Saccharibacteria_47_16b	RIFCSPHIGHO2_12_FULL_Saccharibacteria_47_16b	ggkbase	freshwater		RIFCSPHIGHO2_12_FULL		/groups/banfield/projects/environmental/Rifle/data10/O2_injection/raw.d/RifCSPhighO2_12/rifcsphigho2_12_7402.5.70812.TAGCTT.PE.1.fastq.gz	/groups/banfield/projects/environmental/Rifle/data10/O2_injection/assembly.d/RifCSPhighO2_12/idba_ud_full/rifcsphigho2_12_scaffold_min1000.fa	
RIFCSPHIGHO2_12_FULL_Saccharibacteria_49_19	RIFCSPHIGHO2_12_FULL_Saccharibacteria_49_19	ggkbase	freshwater		RIFCSPHIGHO2_12_FULL		/groups/banfield/projects/environmental/Rifle/data10/O2_injection/raw.d/RifCSPhighO2_12/rifcsphigho2_12_7402.5.70812.TAGCTT.PE.1.fastq.gz	/groups/banfield/projects/environmental/Rifle/data10/O2_injection/assembly.d/RifCSPhighO2_12/idba_ud_full/rifcsphigho2_12_scaffold_min1000.fa	
RifSed_csp2_10ft_2_Candidatus_Saccharibacteria_48_8	RifSed_csp2_10ft_2_Candidatus_Saccharibacteria_48_8	ggkbase	sediment		RifSed_csp2_10ft_2		/groups/banfield/projects/environmental/Rifle/data10/O2_injection/raw.d/RifCSP10_2/rifcsp10_2_7401.2.70803.CGATGT_trim_clean.PE.1.fastq.gz	/groups/banfield/projects/environmental/Rifle/data10/ttb/assembly.d/main_full/RifSed_csp2_10ft_2/RifSed_csp2_10ft_2_idba_ud/RifSed_csp2_10ft_2_scaffold_min1000*	
RifSed_csp2_10ft_3_metabat_bin_373	RifSed_csp2_10ft_3_metabat_bin_373	ggkbase	sediment		RifSed_csp2_10ft_3		/groups/banfield/projects/environmental/Rifle/data10/O2_injection/raw.d/RifCSP10_3/rifcsp10_3_7493.7.74762.GTCCGC_trim_clean.PE.1.fastq.gz	/groups/banfield/projects/environmental/Rifle/data10/ttb/assembly.d/main_full/RifSed_csp2_10ft_3/RifSed_csp2_10ft_3_idba_ud/RifSed_csp2_10ft_3_scaffold_min1000*	
RL11_Saccharibacteria_56_12	RL11_Saccharibacteria_56_12	ggkbase	animal-associated						
S_2p5_S6_coassembly_Candidatus_Saccharibacteria_52_42	S_2p5_S6_coassembly_Candidatus_Saccharibacteria_52_42	ggkbase	freshwater		GD2017-1_S_2p5_S6_Biohub_coassembly		/groups/banfield/projects/industrial/genasci/genasci/raw.d/Biohub_170907/S_2p5_S6/S_2p5_S6_trim_clean.PE.1.fastq.gz	/groups/banfield/projects/industrial/genasci/genasci/assembly.d/Biohub_coassembly/S_2p5_S6_coassembly.out_done/S_2p5_S6_coassembly_scaffold_min1000.fa	
S_p1_S3_coassembly_Candidatus_Saccharibacteria_46_180	S_p1_S3_coassembly_Candidatus_Saccharibacteria_46_180	ggkbase	freshwater		S_p1_S3_coassembly		/groups/banfield/projects/industrial/genasci/genasci/raw.d/Biohub_170929/S_p1_S3/S_p1_S3_trim_clean.PE.1.fastq.gz	/groups/banfield/projects/industrial/genasci/genasci/assembly.d/Biohub_coassembly/S_p1_S3_coassembly.out_Uniprot/S_p1_S3_coassembly_scaffold_min1000.fa	
S_p1_S3_coassembly_Candidatus_Saccharibacteria_48_99	S_p1_S3_coassembly_Candidatus_Saccharibacteria_48_99	ggkbase	freshwater		S_p1_S3_coassembly		/groups/banfield/projects/industrial/genasci/genasci/raw.d/Biohub_170929/S_p1_S3/S_p1_S3_trim_clean.PE.1.fastq.gz	/groups/banfield/projects/industrial/genasci/genasci/assembly.d/Biohub_coassembly/S_p1_S3_coassembly.out_Uniprot/S_p1_S3_coassembly_scaffold_min1000.fa	
S_p1_S3_coassembly_Candidatus_Saccharibacteria_51_30	S_p1_S3_coassembly_Candidatus_Saccharibacteria_51_30	ggkbase	freshwater		S_p1_S3_coassembly		/groups/banfield/projects/industrial/genasci/genasci/raw.d/Biohub_170929/S_p1_S3/S_p1_S3_trim_clean.PE.1.fastq.gz	/groups/banfield/projects/industrial/genasci/genasci/assembly.d/Biohub_coassembly/S_p1_S3_coassembly.out_Uniprot/S_p1_S3_coassembly_scaffold_min1000.fa	
S6_FULL_Saccharibacteria1_0p8	S6_FULL_Saccharibacteria1_0p8	ggkbase	marine		677-SSyellow-Kin		/data4/other/marine_fe_mat/fake_fwd.fastq	/data4/other/marine_fe_mat/S6/S6_scaffolds4ggkbase_min1000*	
Sage1_L_60_16_Saccharibacteria_55_9	Sage1_L_60_16_Saccharibacteria_55_9	ggkbase	soil		Sage1_L_60_16		/groups/banfield/projects/environmental/Angelo/2016/raw.d/Sage1_L_60_16/10922.8.185143.GTAGAG_trim_clean.PE.1.fastq.gz	/groups/banfield/projects/environmental/Angelo/2016/assembly.d/Sage1_L_60_16_idba_ud/Sage1_L_60_16_scaffold_min1000*	
Sage2_L_20_16_Saccharibacteria_52_7	Sage2_L_20_16_Saccharibacteria_52_7	ggkbase	soil		Sage2_L_20_16		/groups/banfield/projects/environmental/Angelo/2016/raw.d/Sage2_L_20_16/10933.6.185650.GGCTAC_trim_clean.PE.1.fastq.gz	/groups/banfield/projects/environmental/Angelo/2016/assembly.d/Sage2_L_20_16_idba_ud/Sage2_L_20_16_scaffold_min1000*	
Sage2_L_80_16_Saccharibacteria_181	Sage2_L_80_16_Saccharibacteria_181	ggkbase	soil		Sage2_L_80_16		/groups/banfield/projects/environmental/Angelo/2016/raw.d/Sage2_L_80_16/10933.7.185653.AGTTCC_trim_clean.PE.1.fastq.gz	/groups/banfield/projects/environmental/Angelo/2016/assembly.d/Sage2_L_80_16_idba_ud/Sage2_L_80_16_scaffold_min1000*	
Sage2_R_80_16_Saccharibacteria_173	Sage2_R_80_16_Saccharibacteria_173	ggkbase	soil		Sage2_R_80_16		/groups/banfield/projects/environmental/Angelo/2016/raw.d/Sage2_R_80_16/10948.6.185794.GTGGCC_trim_clean.PE.1.fastq.gz	/groups/banfield/projects/environmental/Angelo/2016/assembly.d/Sage2_R_80_16_idba_ud/Sage2_R_80_16_scaffold_min1000*	
SCN18_26_2_15_R2_P_Saccharibacteria_TM7_47_1048	SCN18_26_2_15_R2_P_Saccharibacteria_TM7_47_1048	ggkbase	engineered		SCN18_26_2_15_R2_P		/groups/banfield/projects/industrial/ThiocyanateBioreactor/2018/raw.d/SCN18_26_2_15_R2_P/SCN18_26_2_15_R2_P_trim_clean.1.fastq.gz	/groups/banfield/projects/industrial/ThiocyanateBioreactor/2018/assembly.d/SCN18_26_2_15_R2_P/SCN18_26_2_15_R2_P_scaffold_min1000*	
SCN18_26_2_15_R3_B_Saccharibacteria_TM7_47_55	SCN18_26_2_15_R3_B_Saccharibacteria_TM7_47_55	ggkbase	engineered		SCN18_26_2_15_R3_B		/groups/banfield/projects/industrial/ThiocyanateBioreactor/2018/raw.d/SCN18_26_2_15_R3_B/SCN18_26_2_15_R3_B_trim_clean.PE.1.fastq.gz	/groups/banfield/projects/industrial/ThiocyanateBioreactor/2018/assembly.d/SCN18_26_2_15_R3_B/SCN18_26_2_15_R3_B_scaffold_min1000*	
scnpilot_dereplicated_TM7_1	scnpilot_dereplicated_TM7_1	ggkbase	engineered		SCNpilot_bf_inoc		/groups/banfield/projects/industrial/ThiocyanateBioreactor/raw.d/09_2014/bf_innoc/8270.1.95612.CGATGT_trim_clean.PE.1.fastq.gz	/groups/banfield/projects/industrial/ThiocyanateBioreactor/assembly/09_2014/SCNpilot_bf_inoc/idba_ud_full/SCNpilot_bf_inoc_scaffold_miss_min1000.fa	
SCNPILOT_EXPT_750_BF_TM7_47_9	SCNPILOT_EXPT_750_BF_TM7_47_9	ggkbase	engineered		SCNPILOT_EXPT_750_BF		/groups/banfield/projects/industrial/ThiocyanateBioreactor/raw.d/09_2014/expt_750_bf/8308.1.96966.CAGATC_trim_clean.PE.1.fastq.gz	/groups/banfield/projects/industrial/ThiocyanateBioreactor/assembly/09_2014/SCNpilot_expt_750_bf/idba_ud_full/scnpilot_expt_750_bf_scaffold_min1000*	
SEAL_HS2274O_TM7_46_16_partial	SEAL_HS2274O_TM7_46_16_partial	ggkbase	animal-associated	Phoca vitulina	SEAL_HS2274O	SRX3242198			
SEAL_HS2274O_TM7_47_3_9_partial	SEAL_HS2274O_TM7_47_3_9_partial	ggkbase	animal-associated	Phoca vitulina	SEAL_HS2274O	SRX3242198			
SR1_RAAC1	SR1_RAAC1	ggkbase	sediment		RAAC		/groups/banfield/projects/environmental/Rifle/data5/Rifle-aac/aac_data/reads/aac1.1.fastq.gz		
SR2-17_Biohub_180515_Candidatus_Saccharibacteria_42_11	SR2-17_Biohub_180515_Candidatus_Saccharibacteria_42_11	ggkbase	freshwater		SR2-17_Biohub_180515		/groups/banfield/projects/environmental/nc_groundwater/individual_sites/sr/raw.d/Biohub_180515_novaseq/S33_SR33/S33_SR33_trim_clean.PE.1.fastq.gz	/groups/banfield/projects/environmental/nc_groundwater/individual_sites/sr/assembly.d/Biohub_180515_novaseq/S33_SR33/S33_SR33_megahit_full/SR-2_scaffold_min1000	
SR2-17_Biohub_180515_Candidatus_Saccharibacteria_49_10	SR2-17_Biohub_180515_Candidatus_Saccharibacteria_49_10	ggkbase	freshwater		SR2-17_Biohub_180515		/groups/banfield/projects/environmental/nc_groundwater/individual_sites/sr/raw.d/Biohub_180515_novaseq/S33_SR33/S33_SR33_trim_clean.PE.1.fastq.gz	/groups/banfield/projects/environmental/nc_groundwater/individual_sites/sr/assembly.d/Biohub_180515_novaseq/S33_SR33/S33_SR33_megahit_full/SR-2_scaffold_min1000	
SR2-18-Sp2_coassembly_Candidatus_Saccharibacteria_48_6	SR2-18-Sp2_coassembly_Candidatus_Saccharibacteria_48_6	ggkbase	freshwater		SR2-18-Sp2_coassembly		/groups/banfield/projects/environmental/nc_groundwater/individual_sites/sr/raw.d/QB3_181220_190123_coassembly_SR18/SR2-18-Sp2_coassembly_trim_clean.PE.1.fastq.gz	/groups/banfield/projects/environmental/nc_groundwater/individual_sites/sr/assembly.d/QB3_181220_190123_coassembly_SR18/SR2-18-Sp2/SR2-18-Sp2_megahit_full/SR2-18-Sp2_coassembly_scaffold_min1000*	
SRR7755431_Candidatus_Saccharibacteria_50_27	SRR7755431_Candidatus_Saccharibacteria_50_27	ggkbase	animal-associated	Capra hircus		SRR7755431			
SRR8890831_Candidatus_Saccharibacteria_42_35	SRR8890831_Candidatus_Saccharibacteria_42_35	ggkbase	animal-associated	Diceros bicornis		SRR8890831			
SRR8890831_Candidatus_Saccharibacteria_55_56	SRR8890831_Candidatus_Saccharibacteria_55_56	ggkbase	animal-associated	Diceros bicornis		SRR8890831			
SW_7_TM7_54_9	SW_7_TM7_54_9	ggkbase	hypersaline		SW_7	SRX3629538			
TERM1_SALIVA_Absconditabacteria_SR1_36_29_table25	TERM1_SALIVA_Absconditabacteria_SR1_36_29_table25	ggkbase	animal-associated	Homo sapiens	TERM1_SALIVA		/groups/banfield/temp/jaffe_10122020/TERM1_SALIVA_trim_clean.PE.1.fastq.gz		
U2c1_metabat_bin_53_sub	U2c1_metabat_bin_53_sub	ggkbase	soil		U2c1		/groups/banfield/projects/environmental/EastRiver/Vegtype/raw.d/U2c1/U2c1_trim_clean_combined.PE.1.fastq.gz	/groups/banfield/projects/environmental/EastRiver/Vegtype/assembly.d/U2c1/U2c1_full_idba_ud/U2c1_full_scaffold_min1000*	
U2c2_Saccharibacteria_47_15	U2c2_Saccharibacteria_47_15	ggkbase	soil		U2c2		/groups/banfield/projects/environmental/EastRiver/Vegtype/raw.d/U2c2/U2c2_trim_clean_combined.PE.1.fastq.gz	/groups/banfield/projects/environmental/EastRiver/Vegtype/assembly.d/U2c2/U2c2_full_idba_ud/U2c2_full_scaffold_min1000*	
U2c2_Saccharibacteria_49_12	U2c2_Saccharibacteria_49_12	ggkbase	soil		U2c2		/groups/banfield/projects/environmental/EastRiver/Vegtype/raw.d/U2c2/U2c2_trim_clean_combined.PE.1.fastq.gz	/groups/banfield/projects/environmental/EastRiver/Vegtype/assembly.d/U2c2/U2c2_full_idba_ud/U2c2_full_scaffold_min1000*	
UBA2112	UBA2112	ggkbase	marine		parkscprdpann	ERX556114			
UBA2340	UBA2340	ggkbase	engineered		parkscprdpann	SRX646153			
UBA2342	UBA2342	ggkbase	engineered		parkscprdpann	SRX646153			
UBA4721	UBA4721	ggkbase	soil		parkscprdpann	SRX710613			
UBA6040	UBA6040	ggkbase	soil		parkscprdpann	SRX710628			
UBA6175	UBA6175	ggkbase	engineered		parkscprdpann	SRX327520			
UBA6209	UBA6209	ggkbase	engineered		parkscprdpann	SRX327522			
UBA6223	UBA6223	ggkbase	engineered		parkscprdpann	SRX327522			
UBA6224	UBA6224	ggkbase	engineered		parkscprdpann	SRX327522			
UBA6258	UBA6258	ggkbase	engineered		parkscprdpann	SRX327522			
UBA6664	UBA6664	ggkbase	engineered		parkscprdpann	SRX404361			
UBA669	UBA669	ggkbase	engineered		parkscprdpann	SRX357497			
UBA7683	UBA7683	ggkbase	engineered		parkscprdpann	SRX272783			
viral-cat_Candidatus_Saccharibacteria_45_11	viral-cat_Candidatus_Saccharibacteria_45_11	ggkbase	soil		viral-cat		/groups/banfield/projects/environmental/vsoil/PAF_2018_soilmetagenome/PAF_2018_concat/PAFVLPS_2018_SJ26_R_trim_clean.PE.1.fastq.gz, /groups/banfield/projects/environmental/vsoil/PAF_2018_soilmetagenome/PAF_2018_concat/PAFVLPS_2018_SJ30_R_trim_clean.PE.1.fastq.gz		no cpr rps3 assemble from bulk metaG
viral-cat_Candidatus_Saccharibacteria_47_13	viral-cat_Candidatus_Saccharibacteria_47_13	ggkbase	soil		viral-cat		/groups/banfield/projects/environmental/vsoil/PAF_2018_soilmetagenome/PAF_2018_concat/PAFVLPS_2018_SJ26_R_trim_clean.PE.1.fastq.gz, /groups/banfield/projects/environmental/vsoil/PAF_2018_soilmetagenome/PAF_2018_concat/PAFVLPS_2018_SJ30_R_trim_clean.PE.1.fastq.gz		no rps3 assembles from bulk metaG
viral-cat_Candidatus_Saccharibacteria_48_13	viral-cat_Candidatus_Saccharibacteria_48_13	ggkbase	soil		viral-cat		/groups/banfield/projects/environmental/vsoil/PAF_2018_soilmetagenome/PAF_2018_concat/PAFVLPS_2018_SJ26_R_trim_clean.PE.1.fastq.gz, /groups/banfield/projects/environmental/vsoil/PAF_2018_soilmetagenome/PAF_2018_concat/PAFVLPS_2018_SJ30_R_trim_clean.PE.1.fastq.gz		no rps3 assembles from bulk metaG
viral-cat_Candidatus_Saccharibacteria_49_10	viral-cat_Candidatus_Saccharibacteria_49_10	ggkbase	soil		viral-cat		/groups/banfield/projects/environmental/vsoil/PAF_2018_soilmetagenome/PAF_2018_concat/PAFVLPS_2018_SJ26_R_trim_clean.PE.1.fastq.gz, /groups/banfield/projects/environmental/vsoil/PAF_2018_soilmetagenome/PAF_2018_concat/PAFVLPS_2018_SJ30_R_trim_clean.PE.1.fastq.gz		no rps3 assembles from bulk metaG
viral-cat_Candidatus_Saccharibacteria_52_9	viral-cat_Candidatus_Saccharibacteria_52_9	ggkbase	soil		viral-cat		/groups/banfield/projects/environmental/vsoil/PAF_2018_soilmetagenome/PAF_2018_concat/PAFVLPS_2018_SJ26_R_trim_clean.PE.1.fastq.gz, /groups/banfield/projects/environmental/vsoil/PAF_2018_soilmetagenome/PAF_2018_concat/PAFVLPS_2018_SJ30_R_trim_clean.PE.1.fastq.gz		no rps3 assembles from bulk metaG
wastewater_Absconditabacteria_33_1_curated	wastewater_Absconditabacteria_33_1_curated	ggkbase	engineered		wastewater	SRX5784823			check mapping
wastewater_Absconditabacteria_38_1	wastewater_Absconditabacteria_38_1	ggkbase	engineered		wastewater				
wastewater_Gracilibacteria_37_1_curated	wastewater_Gracilibacteria_37_1_curated	ggkbase	engineered		wastewater	SRX5784825			check mapping
wastewater_possibly_Absconditabacteria_33_1	wastewater_possibly_Absconditabacteria_33_1	ggkbase	engineered		wastewater	SRX731625			check mapping
wastewater_Saccharibacteria_41_1	wastewater_Saccharibacteria_41_1	ggkbase	engineered		wastewater	SRX5784871			check mapping
YM_S32_TM7_50_20_curated	YM_S32_TM7_50_20_curated	ggkbase	plant-associated		YM_S32		/data5/eelriver/SIP/raw.d/combined	/data5/eelriver/SIP/assembly.d/YM_S32_idba_ud/YM_S32_scaffold_min1000*	SIP-genome
zodeltone_water_Bacteria_maybe_BD1-5_23_2301	zodeltone_water_Bacteria_maybe_BD1-5_23_2301	ggkbase	freshwater		zodeltone_water		/groups/banfield/temp/jaffe_10122020/Water_trim_clean.PE.1.fastq.gz		
Zodletone_Water_assembly2018_Candidatus_Saccharibacteria_43_23	Zodletone_Water_assembly2018_Candidatus_Saccharibacteria_43_23	ggkbase	freshwater		Zodletone_Water_assembly2018				