name,source,newname,taxcat,complete,scaf_no,env_raw,env_narrow,env_broad
MGYG-HGUT-04568,Almeida_et_al_2020,Almeida2020_MGYGHGUT04568_Saccharibacteria_45,Saccharibacteria,FALSE,4,None,human gut,animal-associated
MGYG-HGUT-01620,Almeida_et_al_2020,Almeida2020_MGYGHGUT01620_Saccharibacteria_36,Saccharibacteria,FALSE,95,None,human gut,animal-associated
MGYG-HGUT-00376,Almeida_et_al_2020,Almeida2020_MGYGHGUT00376_Saccharibacteria_45,Saccharibacteria,FALSE,41,None,human gut,animal-associated
MGYG-HGUT-02951,Almeida_et_al_2020,Almeida2020_MGYGHGUT02951_Saccharibacteria_35,Saccharibacteria,FALSE,30,None,human gut,animal-associated
GLV1604346.fa,Bandla_et_al_2020,Bandla2020_GLV1604346_Saccharibacteria_50,Saccharibacteria,FALSE,5,None,rhizo/endosphere,plant-associated
GLV1604351.fa,Bandla_et_al_2020,Bandla2020_GLV1604351_Saccharibacteria_43,Saccharibacteria,FALSE,17,None,rhizo/endosphere,plant-associated
GLV1604352.fa,Bandla_et_al_2020,Bandla2020_GLV1604352_Saccharibacteria_52,Saccharibacteria,FALSE,24,None,rhizo/endosphere,plant-associated
GLV1604353.fa,Bandla_et_al_2020,Bandla2020_GLV1604353_Saccharibacteria_50,Saccharibacteria,FALSE,8,None,rhizo/endosphere,plant-associated
GLV1604357.fa,Bandla_et_al_2020,Bandla2020_GLV1604357_Saccharibacteria_54,Saccharibacteria,FALSE,58,None,rhizo/endosphere,plant-associated
GLV1604356.fa,Bandla_et_al_2020,Bandla2020_GLV1604356_Saccharibacteria_54,Saccharibacteria,FALSE,101,None,rhizo/endosphere,plant-associated
GLV1604354.fa,Bandla_et_al_2020,Bandla2020_GLV1604354_Saccharibacteria_53,Saccharibacteria,FALSE,7,None,rhizo/endosphere,plant-associated
GLV1604355.fa,Bandla_et_al_2020,Bandla2020_GLV1604355_Saccharibacteria_46,Saccharibacteria,FALSE,16,None,rhizo/endosphere,plant-associated
GLV1604364.fa,Bandla_et_al_2020,Bandla2020_GLV1604364_Saccharibacteria_50,Saccharibacteria,FALSE,71,None,rhizo/endosphere,plant-associated
GLV1604362.fa,Bandla_et_al_2020,Bandla2020_GLV1604362_Saccharibacteria_49,Saccharibacteria,FALSE,1,None,rhizo/endosphere,plant-associated
GLV1604359.fa,Bandla_et_al_2020,Bandla2020_GLV1604359_Saccharibacteria_54,Saccharibacteria,FALSE,24,None,rhizo/endosphere,plant-associated
GLV1604358.fa,Bandla_et_al_2020,Bandla2020_GLV1604358_Saccharibacteria_51,Saccharibacteria,FALSE,42,None,rhizo/endosphere,plant-associated
METABAT_AS4IglBPLE_51,Campanaro_et_al_2020,Campanaro2020_METABATAS4IglBPLE51_Saccharibacteria_51,Saccharibacteria,FALSE,123,None,wastewater,engineered
METABAT_AS08sgBPME_207,Campanaro_et_al_2020,Campanaro2020_METABATAS08sgBPME207_Saccharibacteria_43,Saccharibacteria,FALSE,74,None,wastewater,engineered
METABAT_AS07pgkLD_119,Campanaro_et_al_2020,Campanaro2020_METABATAS07pgkLD119_Saccharibacteria_39,Saccharibacteria,FALSE,103,None,wastewater,engineered
METABAT_AS27yjCOA_208,Campanaro_et_al_2020,Campanaro2020_METABATAS27yjCOA208_Saccharibacteria_50,Saccharibacteria,FALSE,61,None,wastewater,engineered
METABAT_AS15tlH2ME_213,Campanaro_et_al_2020,Campanaro2020_METABATAS15tlH2ME213_Saccharibacteria_46,Saccharibacteria,FALSE,180,None,wastewater,engineered
METABAT_AS08sgBPME_215,Campanaro_et_al_2020,Campanaro2020_METABATAS08sgBPME215_Saccharibacteria_47,Saccharibacteria,FALSE,92,None,wastewater,engineered
METABAT_AS27yjCOA_140,Campanaro_et_al_2020,Campanaro2020_METABATAS27yjCOA140_Saccharibacteria_46,Saccharibacteria,FALSE,151,None,wastewater,engineered
baboon_AMB_005_Candidatus_Saccharibacteria_48_384,ggkbase,baboon_AMB_005_Candidatus_Saccharibacteria_48_384,Saccharibacteria,FALSE,110,None,animal fecal,animal-associated
08E140C01_Z5_2013_IG3399_TM7_40_176,ggkbase,08E140C01_Z5_2013_IG3399_TM7_40_176,Saccharibacteria,FALSE,27,Horonobe Mizunami - Deep Subsurface,groundwater,freshwater
04302015_32_Saccharibacteria_50_10,ggkbase,04302015_32_Saccharibacteria_50_10,Saccharibacteria,FALSE,101,Genome Canada Mining Impacted Fresh Water - Extreme and Contaminated Environments,mining impacted,engineered
04302015_32_Saccharibacteria_50_13,ggkbase,04302015_32_Saccharibacteria_50_13,Saccharibacteria,FALSE,52,Genome Canada Mining Impacted Fresh Water - Extreme and Contaminated Environments,mining impacted,engineered
09V250M02_2016_bjp_ig8144_Candidatus_Saccharibacteria_40_16,ggkbase,09V250M02_2016_bjp_ig8144_Candidatus_Saccharibacteria_40_16,Saccharibacteria,FALSE,41,None,groundwater,freshwater
ACD3,ggkbase,ACD3,Gracilibacteria,FALSE,101,Rifle Groundwater Acetate Amendment - Groundwater,groundwater,freshwater
ACD4,ggkbase,ACD4,Gracilibacteria,FALSE,186,Rifle Groundwater Acetate Amendment - Groundwater,groundwater,freshwater
ACD49,ggkbase,ACD49,Gracilibacteria,FALSE,31,None,groundwater,freshwater
AGMB2_Candidatus_Saccharibacteria_47_48,ggkbase,AGMB2_Candidatus_Saccharibacteria_47_48,Saccharibacteria,FALSE,121,Captive and Wild Primates - Non-Human Microbiome,animal unknown,animal-associated
alan_book_18_Saccharibacteria-like_48_71,ggkbase,alan_book_18_Saccharibacteria-like_48_71,Saccharibacteria,FALSE,10,Alan Book groundwater - Groundwater,groundwater,freshwater
ALUMROCK_MS4_BD1-5_23_16_curated,ggkbase,ALUMROCK_MS4_BD1-5_23_16_curated,Gracilibacteria,FALSE,81,None,groundwater,freshwater
ALUMROCK_MS4_SR1_33_49_curated,ggkbase,ALUMROCK_MS4_SR1_33_49_curated,Absconditabacteria,FALSE,40,None,groundwater,freshwater
AR_2015_1-01_Candidatus_Saccharibacteria_43_7_curated,ggkbase,AR_2015_1-01_Candidatus_Saccharibacteria_43_7_curated,Saccharibacteria,FALSE,66,None,groundwater,freshwater
AR_2015_2-01_BD1-5_23_23_curated,ggkbase,AR_2015_2-01_BD1-5_23_23_curated,Gracilibacteria,FALSE,97,None,groundwater,freshwater
AR_2015_2-065_BD1-5_24_8_curated,ggkbase,AR_2015_2-065_BD1-5_24_8_curated,Gracilibacteria,FALSE,223,None,groundwater,freshwater
AWTP-2_BAC_bulk_4_Candidatus_Saccharibacteria_43_29,ggkbase,AWTP-2_BAC_bulk_4_Candidatus_Saccharibacteria_43_29,Saccharibacteria,FALSE,8,water-treatment - Water Treatment,wastewater,engineered
AWTP-2_inf_bulk_2_Saccharibacteria_41_95,ggkbase,AWTP-2_inf_bulk_2_Saccharibacteria_41_95,Saccharibacteria,FALSE,9,water-treatment - Water Treatment,wastewater,engineered
BD02T64_BD1-5,ggkbase,BD02T64_BD1-5,Gracilibacteria,FALSE,1,JGI SEEP - Extreme and Contaminated Environments,ocean oil seep,marine
Candidatus Saccharibacteria bacterium RIFCSPHIGHO2_01_FULL_45_15,ggkbase,Candidatus_Saccharibacteria_bacterium_RIFCSPHIGHO2_01_FULL_45_15,Saccharibacteria,FALSE,6,Rifle High O2 Groundwater - Groundwater,groundwater,freshwater
Candidatus Saccharibacteria bacterium RIFCSPHIGHO2_01_FULL_46_30,ggkbase,Candidatus_Saccharibacteria_bacterium_RIFCSPHIGHO2_01_FULL_46_30,Saccharibacteria,FALSE,3,Rifle High O2 Groundwater - Groundwater,groundwater,freshwater
Candidatus Saccharibacteria bacterium RIFCSPHIGHO2_12_FULL_41_12,ggkbase,Candidatus_Saccharibacteria_bacterium_RIFCSPHIGHO2_12_FULL_41_12,Saccharibacteria,FALSE,9,None,groundwater,freshwater
Candidatus Saccharibacteria bacterium RIFCSPHIGHO2_12_FULL_47_17,ggkbase,Candidatus_Saccharibacteria_bacterium_RIFCSPHIGHO2_12_FULL_47_17,Saccharibacteria,FALSE,41,Rifle High O2 Groundwater - Groundwater,groundwater,freshwater
Candidatus Saccharibacteria bacterium RIFCSPHIGHO2_12_FULL_48_21,ggkbase,Candidatus_Saccharibacteria_bacterium_RIFCSPHIGHO2_12_FULL_48_21,Saccharibacteria,FALSE,47,Rifle High O2 Groundwater - Groundwater,groundwater,freshwater
CG_2015-01t_Candidatus_Saccharibacteria_48_29_curated,ggkbase,CG_2015-01t_Candidatus_Saccharibacteria_48_29_curated,Saccharibacteria,FALSE,6,Crystal Geyser - Groundwater,groundwater,freshwater
CG_2015-13_Gracilibacteria_32_15_curated,ggkbase,CG_2015-13_Gracilibacteria_32_15_curated,Gracilibacteria,FALSE,37,None,groundwater,freshwater
CG_4_10_14_0_2_um_filter_Candidatus_Saccharibacteria_52_9,ggkbase,CG_4_10_14_0_2_um_filter_Candidatus_Saccharibacteria_52_9,Saccharibacteria,FALSE,92,Crystal Geyser - Groundwater,groundwater,freshwater
CG_4_9_14_3_um_filter_150_SR1_40_9,ggkbase,CG_4_9_14_3_um_filter_150_SR1_40_9,Absconditabacteria,FALSE,95,None,groundwater,freshwater
CG10_big_fil_rev_8_21_14_0_10_CPR_Bacteria_47_8,ggkbase,CG10_big_fil_rev_8_21_14_0_10_CPR_Bacteria_47_8,Saccharibacteria,FALSE,63,Crystal Geyser - Groundwater,groundwater,freshwater
CG11_big_fil_rev_8_21_14_0_20_Saccharibacteria_TM7_41_19_curated,ggkbase,CG11_big_fil_rev_8_21_14_0_20_Saccharibacteria_TM7_41_19_curated,Saccharibacteria,FALSE,9,None,groundwater,freshwater
CG17_big_fil_post_rev_8_21_14_2_50_Gracilibacteria_48_13_curated,ggkbase,CG17_big_fil_post_rev_8_21_14_2_50_Gracilibacteria_48_13_curated,Gracilibacteria,FALSE,11,Crystal Geyser - Groundwater,groundwater,freshwater
CG18_big_fil_WC_8_21_14_2_50_CG_GN02_01_38_16,ggkbase,CG18_big_fil_WC_8_21_14_2_50_CG_GN02_01_38_16,Gracilibacteria,FALSE,60,None,groundwater,freshwater
CG19_WC_8_21_14_NA_150_Candidatus_Saccharibacteria_47_15,ggkbase,CG19_WC_8_21_14_NA_150_Candidatus_Saccharibacteria_47_15,Saccharibacteria,FALSE,6,Crystal Geyser - Groundwater,groundwater,freshwater
CG2_30_FULL_Saccharibacteria_TM7_41_52_curated,ggkbase,CG2_30_FULL_Saccharibacteria_TM7_41_52_curated,Saccharibacteria,FALSE,12,None,groundwater,freshwater
D31_L19,ggkbase,D31_L19,Absconditabacteria,FALSE,68,Wastewater Wilmes - Specific Organisms,wastewater,engineered
D48_O6,ggkbase,D48_O6,Saccharibacteria,FALSE,249,Wastewater Wilmes - Specific Organisms,wastewater,engineered
D49_O6,ggkbase,D49_O6,Saccharibacteria,FALSE,217,Wastewater Wilmes - Specific Organisms,wastewater,engineered
DOLJORAL78_BD1-5_24_7,ggkbase,DOLJORAL78_BD1-5_24_7,Gracilibacteria,FALSE,63,None,animal oral,animal-associated
DOLJORAL78_TM7_51_182,ggkbase,DOLJORAL78_TM7_51_182,Saccharibacteria,FALSE,17,None,animal oral,animal-associated
DOLZORAL124_TM7_54_13_A,ggkbase,DOLZORAL124_TM7_54_13_A,Saccharibacteria,FALSE,53,Dolphin Mouth - Non-Human Microbiome,animal oral,animal-associated
DOLZORAL124_TM7_55_12,ggkbase,DOLZORAL124_TM7_55_12,Saccharibacteria,FALSE,66,Dolphin Mouth - Non-Human Microbiome,animal oral,animal-associated
E_GD2017-1_P0_An_GD2017L_S7_Biohub_170907_Saccharibacteria_52_20,ggkbase,E_GD2017-1_P0_An_GD2017L_S7_Biohub_170907_Saccharibacteria_52_20,Saccharibacteria,FALSE,83,None,dairy pond,engineered
E_GD2017-2_urea-3_S16_GE16_Biohub_170515_Saccharibacteria_42_17,ggkbase,E_GD2017-2_urea-3_S16_GE16_Biohub_170515_Saccharibacteria_42_17,Saccharibacteria,FALSE,11,None,dairy pond,engineered
E_GD2017-2_urea-3_S16_GE16_Biohub_170515_Saccharibacteria_42_38,ggkbase,E_GD2017-2_urea-3_S16_GE16_Biohub_170515_Saccharibacteria_42_38,Saccharibacteria,FALSE,10,None,dairy pond,engineered
F27_Saccharibacteria_47_107,ggkbase,F27_Saccharibacteria_47_107,Saccharibacteria,FALSE,8,Baboon Fecal Samples - Non-Human Microbiome,animal gut,animal-associated
FFV18_S2p5_Saccharibacteria_43_18,ggkbase,FFV18_S2p5_Saccharibacteria_43_18,Saccharibacteria,FALSE,14,FFV winery - Groundwater,groundwater,freshwater
GD2017-1_S_p1_S3_Biohub_170907_Candidatus_Saccharibacteria_47_86,ggkbase,GD2017-1_S_p1_S3_Biohub_170907_Candidatus_Saccharibacteria_47_86,Saccharibacteria,FALSE,44,None,groundwater,freshwater
GD2017-2_S1_QB3_180125_Candidatus_Saccharibacteria_47_11,ggkbase,GD2017-2_S1_QB3_180125_Candidatus_Saccharibacteria_47_11,Saccharibacteria,FALSE,7,Genasci Groundwater - Groundwater,groundwater,freshwater
GD2018-4_B1_QB3_180703_Candidatus_Saccharibacteria_49_9,ggkbase,GD2018-4_B1_QB3_180703_Candidatus_Saccharibacteria_49_9,Saccharibacteria,FALSE,77,Genasci Groundwater - Groundwater,groundwater,freshwater
GWC2_TM7_44_17_curated,ggkbase,GWC2_TM7_44_17_curated,Saccharibacteria,FALSE,1,"Rifle Groundwater, 2011 - Groundwater",groundwater,freshwater
GWC2_TM7_48_9,ggkbase,GWC2_TM7_48_9,Saccharibacteria,FALSE,39,None,groundwater,freshwater
H1c1_Candidatus_Saccharibacteria_51_7,ggkbase,H1c1_Candidatus_Saccharibacteria_51_7,Saccharibacteria,FALSE,99,East River VegType Soil - Soil,soil,soil
H1c1_Saccharibacteria_45_10,ggkbase,H1c1_Saccharibacteria_45_10,Saccharibacteria,FALSE,23,East River VegType Soil - Soil,soil,soil
H1c1_Saccharibacteria_51_67,ggkbase,H1c1_Saccharibacteria_51_67,Saccharibacteria,FALSE,15,East River VegType Soil - Soil,soil,soil
H1c1_Saccharibacteria_TM7_49_7,ggkbase,H1c1_Saccharibacteria_TM7_49_7,Saccharibacteria,FALSE,96,East River VegType Soil - Soil,soil,soil
H1c1_Saccharibacteria_TM7_50_9,ggkbase,H1c1_Saccharibacteria_TM7_50_9,Saccharibacteria,FALSE,59,East River VegType Soil - Soil,soil,soil
H1c2_Saccharibacteria_54_8,ggkbase,H1c2_Saccharibacteria_54_8,Saccharibacteria,FALSE,35,East River VegType Soil - Soil,soil,soil
H2c1_Saccharibacteria_49_6,ggkbase,H2c1_Saccharibacteria_49_6,Saccharibacteria,FALSE,82,East River VegType Soil - Soil,soil,soil
JBCH_GD18_4_SO65_S178_Candidatus_Saccharibacteria_47_15,ggkbase,JBCH_GD18_4_SO65_S178_Candidatus_Saccharibacteria_47_15,Saccharibacteria,FALSE,37,Genasci Groundwater - Groundwater,groundwater,freshwater
JBCH_GD18_4_SO65_S178_Candidatus_Saccharibacteria_49_10,ggkbase,JBCH_GD18_4_SO65_S178_Candidatus_Saccharibacteria_49_10,Saccharibacteria,FALSE,107,Genasci Groundwater - Groundwater,groundwater,freshwater
JBCH_GD18_4_SO65_S178_Candidatus_Saccharibacteria_49_23,ggkbase,JBCH_GD18_4_SO65_S178_Candidatus_Saccharibacteria_49_23,Saccharibacteria,FALSE,97,Genasci Groundwater - Groundwater,groundwater,freshwater
L1c2_Saccharibacteria_47_7,ggkbase,L1c2_Saccharibacteria_47_7,Saccharibacteria,FALSE,73,East River VegType Soil - Soil,soil,soil
L2c1_Candidatus_Saccharibacteria_49_10,ggkbase,L2c1_Candidatus_Saccharibacteria_49_10,Saccharibacteria,FALSE,20,East River VegType Soil - Soil,soil,soil
L2c1_concoct_92,ggkbase,L2c1_concoct_92,Saccharibacteria,FALSE,39,East River VegType Soil - Soil,soil,soil
L2c1_Saccharibacteria_51_31,ggkbase,L2c1_Saccharibacteria_51_31,Saccharibacteria,FALSE,20,East River VegType Soil - Soil,soil,soil
L2c2_Candidatus_Saccharibacteria_48_7,ggkbase,L2c2_Candidatus_Saccharibacteria_48_7,Saccharibacteria,FALSE,81,East River VegType Soil - Soil,soil,soil
viral-cat_Candidatus_Saccharibacteria_45_11,ggkbase,viral-cat_Candidatus_Saccharibacteria_45_11,Saccharibacteria,FALSE,101,None,soil,soil
Montesol18_Bp1_coassembly_Saccharibacteria_45_9,ggkbase,Montesol18_Bp1_coassembly_Saccharibacteria_45_9,Saccharibacteria,FALSE,41,Montesol ranch - Groundwater,groundwater,freshwater
Montesol18_Sp2_coassembly_Saccharibacteria_48_11,ggkbase,Montesol18_Sp2_coassembly_Saccharibacteria_48_11,Saccharibacteria,FALSE,85,Montesol ranch - Groundwater,groundwater,freshwater
NA04_Candidatus_Saccharibacteria_41_123,ggkbase,NA04_Candidatus_Saccharibacteria_41_123,Saccharibacteria,FALSE,14,"Anamox Bioreactor, Alvarez-Cohen - Bioreactors",bioreactor,engineered
NA05_Candidatus_Saccharibacteria_41_112,ggkbase,NA05_Candidatus_Saccharibacteria_41_112,Saccharibacteria,FALSE,13,None,bioreactor,engineered
ph2015_02_Absconditabacteria_SR1_33_7_curated,ggkbase,ph2015_02_Absconditabacteria_SR1_33_7_curated,Absconditabacteria,FALSE,113,Eel River Cyanobacterial Communities - Groundwater,cyanobacterial mat,freshwater
pig_ID_1473_F101_Saccharibacteria_45_8,ggkbase,pig_ID_1473_F101_Saccharibacteria_45_8,Saccharibacteria,FALSE,117,Pig Metagenome - Non-Human Microbiome,animal gut,animal-associated
pig_ID_1851_F40_2_B1_Saccharibacteria_45_18,ggkbase,pig_ID_1851_F40_2_B1_Saccharibacteria_45_18,Saccharibacteria,FALSE,60,Pig Metagenome - Non-Human Microbiome,animal gut,animal-associated
pig_ID_1851_F40_2_B2_Saccharibacteria_45_12,ggkbase,pig_ID_1851_F40_2_B2_Saccharibacteria_45_12,Saccharibacteria,FALSE,76,Pig Metagenome - Non-Human Microbiome,animal gut,animal-associated
pig_ID_1851_F40_2_Saccharibacteria_45_10,ggkbase,pig_ID_1851_F40_2_Saccharibacteria_45_10,Saccharibacteria,FALSE,76,Pig Metagenome - Non-Human Microbiome,animal gut,animal-associated
pig_ID_1851_F40_A1_Saccharibacteria_45_14,ggkbase,pig_ID_1851_F40_A1_Saccharibacteria_45_14,Saccharibacteria,FALSE,59,Pig Metagenome - Non-Human Microbiome,animal gut,animal-associated
pig_ID_87_F57_Saccharibacteria_45_16,ggkbase,pig_ID_87_F57_Saccharibacteria_45_16,Saccharibacteria,FALSE,49,Pig Metagenome - Non-Human Microbiome,animal gut,animal-associated
PRE3_SALIVA_Saccharibacteria_40_17,ggkbase,PRE3_SALIVA_Saccharibacteria_40_17,Saccharibacteria,FALSE,25,"Adult Human Microbiome, Relman Lab - Human Microbiome",human oral,animal-associated
QS_5_TM7_54_17,ggkbase,QS_5_TM7_54_17,Saccharibacteria,FALSE,21,None,salt crust,hypersaline
QS_8_TM7_54_8,ggkbase,QS_8_TM7_54_8,Saccharibacteria,FALSE,63,Amundson_desert - Extreme and Contaminated Environments,salt crust,hypersaline
RAAC3_TM7,ggkbase,RAAC3_TM7,Saccharibacteria,FALSE,1,None,aquifer sediment,sediment
RIFCSPHIGHO2_02_FULL_Saccharibacteria_47_12,ggkbase,RIFCSPHIGHO2_02_FULL_Saccharibacteria_47_12,Saccharibacteria,FALSE,48,Rifle High O2 Groundwater - Groundwater,groundwater,freshwater
RIFCSPHIGHO2_12_FULL_Saccharibacteria_42_8,ggkbase,RIFCSPHIGHO2_12_FULL_Saccharibacteria_42_8,Saccharibacteria,FALSE,60,Rifle High O2 Groundwater - Groundwater,groundwater,freshwater
RIFCSPHIGHO2_12_FULL_Saccharibacteria_47_16b,ggkbase,RIFCSPHIGHO2_12_FULL_Saccharibacteria_47_16b,Saccharibacteria,FALSE,29,Rifle High O2 Groundwater - Groundwater,groundwater,freshwater
RIFCSPHIGHO2_12_FULL_Saccharibacteria_49_19,ggkbase,RIFCSPHIGHO2_12_FULL_Saccharibacteria_49_19,Saccharibacteria,FALSE,45,Rifle High O2 Groundwater - Groundwater,groundwater,freshwater
RifSed_csp2_10ft_2_Candidatus_Saccharibacteria_48_8,ggkbase,RifSed_csp2_10ft_2_Candidatus_Saccharibacteria_48_8,Saccharibacteria,FALSE,34,None,aquifer sediment,sediment
RifSed_csp2_10ft_3_metabat_bin_373,ggkbase,RifSed_csp2_10ft_3_metabat_bin_373,Saccharibacteria,FALSE,90,"Rifle, Colorado, Sediment - Sediment",aquifer sediment,sediment
S_2p5_S6_coassembly_Candidatus_Saccharibacteria_52_42,ggkbase,S_2p5_S6_coassembly_Candidatus_Saccharibacteria_52_42,Saccharibacteria,FALSE,84,Genasci Groundwater - Groundwater,groundwater,freshwater
S_p1_S3_coassembly_Candidatus_Saccharibacteria_46_180,ggkbase,S_p1_S3_coassembly_Candidatus_Saccharibacteria_46_180,Saccharibacteria,FALSE,28,Genasci Groundwater - Groundwater,groundwater,freshwater
S_p1_S3_coassembly_Candidatus_Saccharibacteria_48_99,ggkbase,S_p1_S3_coassembly_Candidatus_Saccharibacteria_48_99,Saccharibacteria,FALSE,114,Genasci Groundwater - Groundwater,groundwater,freshwater
S_p1_S3_coassembly_Candidatus_Saccharibacteria_51_30,ggkbase,S_p1_S3_coassembly_Candidatus_Saccharibacteria_51_30,Saccharibacteria,FALSE,62,Genasci Groundwater - Groundwater,groundwater,freshwater
S6_FULL_Saccharibacteria1_0p8,ggkbase,S6_FULL_Saccharibacteria1_0p8,Saccharibacteria,FALSE,189,Marine Fe Mats - Chan - Marine,iron mat,marine
Sage1_L_60_16_Saccharibacteria_55_9,ggkbase,Sage1_L_60_16_Saccharibacteria_55_9,Saccharibacteria,FALSE,89,Sagehorn Ranch - Soil,soil,soil
Sage2_L_20_16_Saccharibacteria_52_7,ggkbase,Sage2_L_20_16_Saccharibacteria_52_7,Saccharibacteria,FALSE,148,Sagehorn Ranch - Soil,soil,soil
Sage2_L_80_16_Saccharibacteria_181,ggkbase,Sage2_L_80_16_Saccharibacteria_181,Saccharibacteria,FALSE,17,Sagehorn Ranch - Soil,soil,soil
Sage2_R_80_16_Saccharibacteria_173,ggkbase,Sage2_R_80_16_Saccharibacteria_173,Saccharibacteria,FALSE,86,Sagehorn Ranch - Soil,soil,soil
SCN18_26_2_15_R2_P_Saccharibacteria_TM7_47_1048,ggkbase,SCN18_26_2_15_R2_P_Saccharibacteria_TM7_47_1048,Saccharibacteria,FALSE,1,None,bioreactor,engineered
SCN18_26_2_15_R3_B_Saccharibacteria_TM7_47_55,ggkbase,SCN18_26_2_15_R3_B_Saccharibacteria_TM7_47_55,Saccharibacteria,FALSE,1,Thiocyanate Bioreactor - Bioreactors,bioreactor,engineered
scnpilot_dereplicated_TM7_1,ggkbase,scnpilot_dereplicated_TM7_1,Saccharibacteria,FALSE,1,Thiocyanate Bioreactor - Bioreactors,bioreactor,engineered
SCNPILOT_EXPT_750_BF_TM7_47_9,ggkbase,SCNPILOT_EXPT_750_BF_TM7_47_9,Saccharibacteria,FALSE,23,None,bioreactor,engineered
SEAL_HS2274O_TM7_46_16_partial,ggkbase,SEAL_HS2274O_TM7_46_16_partial,Saccharibacteria,FALSE,4,Dolphin Mouth - Non-Human Microbiome,animal oral,animal-associated
SEAL_HS2274O_TM7_47_3_9_partial,ggkbase,SEAL_HS2274O_TM7_47_3_9_partial,Saccharibacteria,FALSE,39,Dolphin Mouth - Non-Human Microbiome,animal oral,animal-associated
SR1_RAAC1,ggkbase,SR1_RAAC1,Absconditabacteria,FALSE,1,"Rifle, Colorado, Sediment - Sediment",aquifer sediment,sediment
SR2-17_Biohub_180515_Candidatus_Saccharibacteria_42_11,ggkbase,SR2-17_Biohub_180515_Candidatus_Saccharibacteria_42_11,Saccharibacteria,FALSE,17,Serpens Ridge Groundwater - Groundwater,groundwater,freshwater
SR2-17_Biohub_180515_Candidatus_Saccharibacteria_49_10,ggkbase,SR2-17_Biohub_180515_Candidatus_Saccharibacteria_49_10,Saccharibacteria,FALSE,35,Serpens Ridge Groundwater - Groundwater,groundwater,freshwater
SR2-18-Sp2_coassembly_Candidatus_Saccharibacteria_48_6,ggkbase,SR2-18-Sp2_coassembly_Candidatus_Saccharibacteria_48_6,Saccharibacteria,FALSE,1,Serpens Ridge Groundwater - Groundwater,groundwater,freshwater
SW_7_TM7_54_9,ggkbase,SW_7_TM7_54_9,Saccharibacteria,FALSE,121,Amundson_desert - Extreme and Contaminated Environments,salt crust,hypersaline
TERM1_SALIVA_Absconditabacteria_SR1_36_29_table25,ggkbase,TERM1_SALIVA_Absconditabacteria_SR1_36_29_table25,Absconditabacteria,FALSE,38,"Adult Human Microbiome, Relman Lab - Human Microbiome",human oral,animal-associated
U2c1_metabat_bin_53_sub,ggkbase,U2c1_metabat_bin_53_sub,Saccharibacteria,FALSE,65,East River VegType Soil - Soil,soil,soil
U2c2_Saccharibacteria_47_15,ggkbase,U2c2_Saccharibacteria_47_15,Saccharibacteria,FALSE,9,East River VegType Soil - Soil,soil,soil
U2c2_Saccharibacteria_49_12,ggkbase,U2c2_Saccharibacteria_49_12,Saccharibacteria,FALSE,12,East River VegType Soil - Soil,soil,soil
UBA2112,ggkbase,UBA2112,Saccharibacteria,FALSE,53,None,seawater,marine
UBA2340,ggkbase,UBA2340,Saccharibacteria,FALSE,13,None,wastewater,engineered
UBA2342,ggkbase,UBA2342,Saccharibacteria,FALSE,14,None,wastewater,engineered
UBA4721,ggkbase,UBA4721,Saccharibacteria,FALSE,5,CPR/DPANN Meta-Analysis - Specific Organisms,permafrost,soil
UBA6040,ggkbase,UBA6040,Saccharibacteria,FALSE,7,None,permafrost,soil
UBA6175,ggkbase,UBA6175,Saccharibacteria,FALSE,4,CPR/DPANN Meta-Analysis - Specific Organisms,hydrocarbon,engineered
UBA6209,ggkbase,UBA6209,Saccharibacteria,FALSE,26,CPR/DPANN Meta-Analysis - Specific Organisms,hydrocarbon,engineered
UBA6223,ggkbase,UBA6223,Saccharibacteria,FALSE,3,CPR/DPANN Meta-Analysis - Specific Organisms,hydrocarbon,engineered
UBA6224,ggkbase,UBA6224,Saccharibacteria,FALSE,10,CPR/DPANN Meta-Analysis - Specific Organisms,hydrocarbon,engineered
UBA6258,ggkbase,UBA6258,Saccharibacteria,FALSE,24,CPR/DPANN Meta-Analysis - Specific Organisms,hydrocarbon,engineered
UBA6664,ggkbase,UBA6664,Saccharibacteria,FALSE,6,None,bioreactor,engineered
UBA669,ggkbase,UBA669,Saccharibacteria,FALSE,54,None,wastewater,engineered
UBA7683,ggkbase,UBA7683,Saccharibacteria,FALSE,92,None,bioreactor,engineered
viral-cat_Candidatus_Saccharibacteria_47_13,ggkbase,viral-cat_Candidatus_Saccharibacteria_47_13,Saccharibacteria,FALSE,83,2018 Hopland Soil (Phage & Fauna) - Soil,soil,soil
viral-cat_Candidatus_Saccharibacteria_48_13,ggkbase,viral-cat_Candidatus_Saccharibacteria_48_13,Saccharibacteria,FALSE,71,2018 Hopland Soil (Phage & Fauna) - Soil,soil,soil
viral-cat_Candidatus_Saccharibacteria_49_10,ggkbase,viral-cat_Candidatus_Saccharibacteria_49_10,Saccharibacteria,FALSE,70,2018 Hopland Soil (Phage & Fauna) - Soil,soil,soil
viral-cat_Candidatus_Saccharibacteria_52_9,ggkbase,viral-cat_Candidatus_Saccharibacteria_52_9,Saccharibacteria,FALSE,78,2018 Hopland Soil (Phage & Fauna) - Soil,soil,soil
wastewater_Absconditabacteria_33_1_curated,ggkbase,wastewater_Absconditabacteria_33_1_curated,Absconditabacteria,FALSE,73,None,wastewater,engineered
wastewater_Absconditabacteria_38_1,ggkbase,wastewater_Absconditabacteria_38_1,Absconditabacteria,FALSE,277,Wastewater Wilmes - Specific Organisms,wastewater,engineered
wastewater_Gracilibacteria_37_1_curated,ggkbase,wastewater_Gracilibacteria_37_1_curated,Gracilibacteria,FALSE,183,None,wastewater,engineered
wastewater_possibly_Absconditabacteria_33_1,ggkbase,wastewater_possibly_Absconditabacteria_33_1,Absconditabacteria,FALSE,351,Wastewater Wilmes - Specific Organisms,wastewater,engineered
wastewater_Saccharibacteria_41_1,ggkbase,wastewater_Saccharibacteria_41_1,Saccharibacteria,FALSE,155,Wastewater Wilmes - Specific Organisms,wastewater,engineered
YM_S32_TM7_50_20_curated,ggkbase,YM_S32_TM7_50_20_curated,Saccharibacteria,FALSE,1,Hopland Soil - Soil,rhizosphere/endosphere,plant-associated
zodeltone_water_Bacteria_maybe_BD1-5_23_2301,ggkbase,zodeltone_water_Bacteria_maybe_BD1-5_23_2301,Gracilibacteria,FALSE,73,"Zodeltone Artisan Springs, OK - Groundwater",groundwater,freshwater
Zodletone_Water_assembly2018_Candidatus_Saccharibacteria_43_23,ggkbase,Zodletone_Water_assembly2018_Candidatus_Saccharibacteria_43_23,Saccharibacteria,FALSE,27,"Zodeltone Artisan Springs, OK - Groundwater",groundwater,freshwater
Alum_Rock_2019_MS4_BD1-5-probably_22_121,ggkbase,Alum_Rock_2019_MS4_BD1-5-probably_22_121,Gracilibacteria,FALSE,158,None,groundwater,freshwater
GD2017-1_manure_QB3_180125_SR1_candidate_33_10,ggkbase,GD2017-1_manure_QB3_180125_SR1_candidate_33_10,Absconditabacteria,FALSE,133,None,dairy pond,engineered
RL11_Saccharibacteria_56_12,ggkbase,RL11_Saccharibacteria_56_12,Saccharibacteria,FALSE,19,None,lichen,plant-associated
PH2017_17_BER_D_A_full_SR-1_test_32_6,ggkbase,PH2017_17_BER_D_A_full_SR-1_test_32_6,Absconditabacteria,FALSE,152,None,cyanobacterial mat,freshwater
AWTP-2_BAC_bulk_4_Candidatus_Saccharibacteria_46_20,ggkbase,AWTP-2_BAC_bulk_4_Candidatus_Saccharibacteria_46_20,Saccharibacteria,FALSE,8,None,wastewater,engineered
AWTP-2_BAC_bulk_4_Candidatus_Saccharibacteria_48_19,ggkbase,AWTP-2_BAC_bulk_4_Candidatus_Saccharibacteria_48_19,Saccharibacteria,FALSE,7,None,wastewater,engineered
AWTP-2_BAC_bulk_4_Saccharibacteria_55_19,ggkbase,AWTP-2_BAC_bulk_4_Saccharibacteria_55_19,Saccharibacteria,FALSE,2,None,wastewater,engineered
AWTP-2_BAC_bulk_4_Saccharibacteria_45_59,ggkbase,AWTP-2_BAC_bulk_4_Saccharibacteria_45_59,Saccharibacteria,FALSE,6,None,wastewater,engineered
AWTP-2_BAC_bulk_4_Saccharibacteria_51_18,ggkbase,AWTP-2_BAC_bulk_4_Saccharibacteria_51_18,Saccharibacteria,FALSE,9,None,wastewater,engineered
19_LumberBridge_sub10_Maybe_SR1_34_6,ggkbase,19_LumberBridge_sub10_Maybe_SR1_34_6,Absconditabacteria,FALSE,129,None,cyanobacterial mat,freshwater
ERR2889257_Saccharibacteria_45_320,ggkbase,ERR2889257_Saccharibacteria_45_320,Saccharibacteria,FALSE,1,None,animal gut,animal-associated
ERR2889262_Candidatus_Saccharibacteria_46_32,ggkbase,ERR2889262_Candidatus_Saccharibacteria_46_32,Saccharibacteria,FALSE,24,None,animal gut,animal-associated
SRR7755431_Candidatus_Saccharibacteria_50_27,ggkbase,SRR7755431_Candidatus_Saccharibacteria_50_27,Saccharibacteria,FALSE,36,None,animal gut,animal-associated
SRR8890831_Candidatus_Saccharibacteria_55_56,ggkbase,SRR8890831_Candidatus_Saccharibacteria_55_56,Saccharibacteria,FALSE,73,None,animal gut,animal-associated
SRR8890831_Candidatus_Saccharibacteria_42_35,ggkbase,SRR8890831_Candidatus_Saccharibacteria_42_35,Saccharibacteria,FALSE,27,None,animal gut,animal-associated
GCA_002335145.1_ASM233514v1_genomic,gtdb,GTDB_GCA002335145.1_Gracilibacteria_53,Gracilibacteria,FALSE,38,none,bioreactor,engineered
GCA_002412935.1_ASM241293v1_genomic,gtdb,GTDB_GCA002412935.1_Gracilibacteria_24,Gracilibacteria,FALSE,59,none,hydrocarbon,engineered
GCA_002422305.1_ASM242230v1_genomic,gtdb,GTDB_GCA002422305.1_Gracilibacteria_21,Gracilibacteria,FALSE,76,none,hydrocarbon,engineered
GCA_002426885.1_ASM242688v1_genomic,gtdb,GTDB_GCA002426885.1_Gracilibacteria_43,Gracilibacteria,FALSE,23,none,wastewater,engineered
GCA_002435385.1_ASM243538v1_genomic,gtdb,GTDB_GCA002435385.1_Gracilibacteria_27,Gracilibacteria,FALSE,74,none,river sediment,sediment
GCA_002470645.1_ASM247064v1_genomic,gtdb,GTDB_GCA002470645.1_Gracilibacteria_26,Gracilibacteria,FALSE,38,none,wastewater,engineered
GCA_002361595.1_ASM236159v1_genomic,gtdb,GTDB_GCA002361595.1_Absconditabacteria_30,Absconditabacteria,FALSE,57,none,animal gut,animal-associated
GCA_002414185.1_ASM241418v1_genomic,gtdb,GTDB_GCA002414185.1_Absconditabacteria_31,Absconditabacteria,FALSE,41,none,river sediment,sediment
GCA_002413465.1_ASM241346v1_genomic,gtdb,GTDB_GCA002413465.1_Saccharibacteria_54,Saccharibacteria,FALSE,52,none,permafrost,soil
GCA_002415345.1_ASM241534v1_genomic,gtdb,GTDB_GCA002415345.1_Saccharibacteria_55,Saccharibacteria,FALSE,3,none,permafrost,soil
GCA_004100265.1_ASM410026v1_genomic,gtdb,GTDB_GCA004100265.1_Saccharibacteria_55,Saccharibacteria,FALSE,57,none,mine drainage,engineered
GCA_004100325.1_ASM410032v1_genomic,gtdb,GTDB_GCA004100325.1_Saccharibacteria_46,Saccharibacteria,FALSE,6,none,mine drainage,engineered
GCA_004297735.1_ASM429773v1_genomic,gtdb,GTDB_GCA004297735.1_Saccharibacteria_52,Saccharibacteria,FALSE,2,none,groundwater,freshwater
GCA_004322265.1_ASM432226v1_genomic,gtdb,GTDB_GCA004322265.1_Saccharibacteria_46,Saccharibacteria,FALSE,38,none,groundwater,freshwater
GCA_004561445.1_ASM456144v1_genomic,gtdb,GTDB_GCA004561445.1_Saccharibacteria_44,Saccharibacteria,FALSE,36,none,animal gut,animal-associated
2236661026,img,IMG_2236661026_Saccharibacteria_50,Saccharibacteria,FALSE,130,Oral microbiome single cell genomics,human oral,animal-associated
2514885014,img,IMG_2514885014_Saccharibacteria_53,Saccharibacteria,FALSE,15,SBR genomes,wastewater,engineered
2516143109,img,IMG_2516143109_Saccharibacteria_49,Saccharibacteria,FALSE,20,SBR genomes,bioreactor,engineered
2517572135,img,IMG_2517572135_Absconditabacteria_36,Absconditabacteria,FALSE,49,Oral microbiome single cell genomics,human oral,animal-associated
2582580652,img,IMG_2582580652_Saccharibacteria_41,Saccharibacteria,FALSE,14,"Freshwater microbial communities from Lake Mendota and Trout Bog Lake, Wisconsin, USA",lake,freshwater
2622736548,img,IMG_2622736548_Saccharibacteria_47,Saccharibacteria,FALSE,8,"Enhanced biological phosphorus removal bioreactor microbial communities from the University of Queensland, Australia",bioreactor,engineered
2622736551,img,IMG_2622736551_Saccharibacteria_51,Saccharibacteria,FALSE,4,"Enhanced biological phosphorus removal bioreactor microbial communities from the University of Queensland, Australia",bioreactor,engineered
2622736552,img,IMG_2622736552_Saccharibacteria_51,Saccharibacteria,FALSE,8,"Enhanced biological phosphorus removal bioreactor microbial communities from the University of Queensland, Australia",bioreactor,engineered
2622736569,img,IMG_2622736569_Saccharibacteria_55,Saccharibacteria,FALSE,16,"Enhanced biological phosphorus removal bioreactor microbial communities from the University of Queensland, Australia",bioreactor,engineered
2622736571,img,IMG_2622736571_Saccharibacteria_47,Saccharibacteria,FALSE,1,"Enhanced biological phosphorus removal bioreactor microbial communities from the University of Queensland, Australia",bioreactor,engineered
2634166888,img,IMG_2634166888_Gracilibacteria_26,Gracilibacteria,FALSE,149,Bacterial and archaeal communities from various locations to study Microbial Dark Matter (Phase II),hydrothermal vent,marine
2636415965,img,IMG_2636415965_Gracilibacteria_26,Gracilibacteria,FALSE,190,Bacterial and archaeal communities from various locations to study Microbial Dark Matter (Phase II),hydrothermal vent,marine
2703719128,img,IMG_2703719128_Saccharibacteria_42,Saccharibacteria,FALSE,6,"Rumen microbial communities from healthy moose, Palmer, Alaska",animal gut,animal-associated
2708742945,img,IMG_2708742945_Saccharibacteria_45,Saccharibacteria,FALSE,5,"Soil microbial communities from Rifle, Colorado, USA",groundwater,freshwater
2747842438,img,IMG_2747842438_Gracilibacteria_24,Gracilibacteria,FALSE,88,Bacterial and archaeal communities from various locations to study Microbial Dark Matter (Phase II),marine mat,marine
3300016254,img,IMG_3300016254_Saccharibacteria_47,Saccharibacteria,FALSE,32,Bacterial and archaeal communities from various locations to study Microbial Dark Matter (Phase II),wastewater,engineered
SRX3574179_bin_116_contigs.fasta,Lui_et_al_2020,Lui2020_SRX3574179bin116_Saccharibacteria_46,Saccharibacteria,FALSE,1,None,groundwater,freshwater
SRX1775577_bin_36_contigs.fasta,Lui_et_al_2020,Lui2020_SRX1775577bin36_Gracilibacteria_43,Gracilibacteria,FALSE,1,None,groundwater,freshwater
Modern_marine.mb.230,Mehrshad_et_al_2020,Mehrshad2020_Modernmarine.mb.230_Absconditabacteria_34,Absconditabacteria,FALSE,118,None,groundwater,freshwater
Modern_marine_glass_biofilm.mb.158,Mehrshad_et_al_2020,Mehrshad2020_Modernmarineglassbiofilm.mb.158_Bacteria_47,None,FALSE,67,None,groundwater,freshwater
Modern_marine_glass_biofilm.mb.19,Mehrshad_et_al_2020,Mehrshad2020_Modernmarineglassbiofilm.mb.19_Bacteria_38,None,FALSE,260,None,groundwater,freshwater
GCA_900757685.1_ERS537356_50_genomic,ncbi,NCBI_GCA900757685.1_Saccharibacteria_43,Saccharibacteria,FALSE,7,None,human fecal,animal-associated
GCA_013268835.1_ASM1326883v1_genomic,ncbi,NCBI_GCA013268835.1_Gracilibacteria_36,Gracilibacteria,FALSE,25,None,water treatment,engineered
GCA_013368515.1_ASM1336851v1_genomic,ncbi,NCBI_GCA013368515.1_Gracilibacteria_24,Gracilibacteria,FALSE,28,None,bioreactor,engineered
GCA_003488625.1_ASM348862v1_genomic,ncbi,NCBI_GCA003488625.1_Gracilibacteria_35,Absconditabacteria,FALSE,51,None,groundwater,freshwater
GCA_013316435.1_ASM1331643v1_genomic,ncbi,NCBI_GCA013316435.1_Saccharibacteria_45,Saccharibacteria,FALSE,63,None,animal gut,animal-associated
GCA_900766845.1_SRS475647_21_genomic,ncbi,NCBI_GCA900766845.1_Saccharibacteria_45,Saccharibacteria,FALSE,223,None,human gut,animal-associated
GCA_014377245.1_ASM1437724v1_genomic,ncbi,NCBI_GCA014377245.1_Gracilibacteria_41,Gracilibacteria,FALSE,54,None,glacier ice,freshwater
GCA_014377305.1_ASM1437730v1_genomic,ncbi,NCBI_GCA014377305.1_Gracilibacteria_42,Gracilibacteria,FALSE,16,None,glacier ice,freshwater
GCA_014377345.1_ASM1437734v1_genomic,ncbi,NCBI_GCA014377345.1_Saccharibacteria_47,Saccharibacteria,FALSE,26,None,glacier ice,freshwater
GCA_014377525.1_ASM1437752v1_genomic,ncbi,NCBI_GCA014377525.1_Saccharibacteria_47,Saccharibacteria,FALSE,40,None,glacier ice,freshwater
GCA_013332525.2_ASM1333252v2_genomic,ncbi,NCBI_GCA013332525.2_Gracilibacteria_37,Gracilibacteria,FALSE,34,None,human oral,animal-associated
GCA_013333055.2_ASM1333305v2_genomic,ncbi,NCBI_GCA013333055.2_Saccharibacteria_38,Saccharibacteria,FALSE,14,None,human oral,animal-associated
GCA_013333295.2_ASM1333329v2_genomic,ncbi,NCBI_GCA013333295.2_Absconditabacteria_35,Absconditabacteria,FALSE,42,None,human oral,animal-associated
GCA_013333485.2_ASM1333348v2_genomic,ncbi,NCBI_GCA013333485.2_Saccharibacteria_47,Saccharibacteria,FALSE,21,None,human oral,animal-associated
GCA_013333495.2_ASM1333349v2_genomic,ncbi,NCBI_GCA013333495.2_Saccharibacteria_49,Saccharibacteria,FALSE,17,None,human oral,animal-associated
GCA_013333515.2_ASM1333351v2_genomic,ncbi,NCBI_GCA013333515.2_Saccharibacteria_51,Saccharibacteria,FALSE,53,None,human oral,animal-associated
GCA_013333575.2_ASM1333357v2_genomic,ncbi,NCBI_GCA013333575.2_Saccharibacteria_38,Saccharibacteria,FALSE,47,None,human oral,animal-associated
GCA_013333595.2_ASM1333359v2_genomic,ncbi,NCBI_GCA013333595.2_Saccharibacteria_54,Saccharibacteria,FALSE,30,None,human oral,animal-associated
GCA_013333845.2_ASM1333384v2_genomic,ncbi,NCBI_GCA013333845.2_Saccharibacteria_48,Saccharibacteria,FALSE,63,None,human oral,animal-associated
GCA_014191035.1_ASM1419103v1_genomic,ncbi,NCBI_GCA014191035.1_Saccharibacteria_39,Saccharibacteria,FALSE,18,None,lake,freshwater
GCA_013332955.2_ASM1333295v2_genomic,ncbi,NCBI_GCA013332955.2_Saccharibacteria_41,Saccharibacteria,FALSE,53,None,human oral,animal-associated
GCA_013332965.2_ASM1333296v2_genomic,ncbi,NCBI_GCA013332965.2_Saccharibacteria_41,Saccharibacteria,FALSE,56,None,human oral,animal-associated
GCA_013333135.2_ASM1333313v2_genomic,ncbi,NCBI_GCA013333135.2_Saccharibacteria_41,Saccharibacteria,FALSE,35,None,human oral,animal-associated
GCA_013333155.2_ASM1333315v2_genomic,ncbi,NCBI_GCA013333155.2_Saccharibacteria_41,Saccharibacteria,FALSE,37,None,human oral,animal-associated
GCA_013333205.2_ASM1333320v2_genomic,ncbi,NCBI_GCA013333205.2_Saccharibacteria_41,Saccharibacteria,FALSE,72,None,human oral,animal-associated
GCA_013333375.2_ASM1333337v2_genomic,ncbi,NCBI_GCA013333375.2_Saccharibacteria_41,Saccharibacteria,FALSE,53,None,human oral,animal-associated
GCA_013333405.2_ASM1333340v2_genomic,ncbi,NCBI_GCA013333405.2_Saccharibacteria_36,Saccharibacteria,FALSE,74,None,human oral,animal-associated
GCA_013333415.2_ASM1333341v2_genomic,ncbi,NCBI_GCA013333415.2_Saccharibacteria_41,Saccharibacteria,FALSE,31,None,human oral,animal-associated
GCA_013333605.2_ASM1333360v2_genomic,ncbi,NCBI_GCA013333605.2_Absconditabacteria_36,Absconditabacteria,FALSE,61,None,human oral,animal-associated
GCA_013333625.2_ASM1333362v2_genomic,ncbi,NCBI_GCA013333625.2_Saccharibacteria_48,Saccharibacteria,FALSE,45,None,human oral,animal-associated
GCA_013333645.2_ASM1333364v2_genomic,ncbi,NCBI_GCA013333645.2_Saccharibacteria_52,Saccharibacteria,FALSE,26,None,human oral,animal-associated
GCA_013333675.2_ASM1333367v2_genomic,ncbi,NCBI_GCA013333675.2_Saccharibacteria_49,Saccharibacteria,FALSE,42,None,human oral,animal-associated
GCA_013333755.2_ASM1333375v2_genomic,ncbi,NCBI_GCA013333755.2_Gracilibacteria_25,Gracilibacteria,FALSE,21,None,human oral,animal-associated
GCA_013333765.2_ASM1333376v2_genomic,ncbi,NCBI_GCA013333765.2_Saccharibacteria_52,Saccharibacteria,FALSE,124,None,human oral,animal-associated
GCA_013333795.2_ASM1333379v2_genomic,ncbi,NCBI_GCA013333795.2_Saccharibacteria_48,Saccharibacteria,FALSE,98,None,human oral,animal-associated
GCA_013333815.2_ASM1333381v2_genomic,ncbi,NCBI_GCA013333815.2_Saccharibacteria_38,Saccharibacteria,FALSE,20,None,human oral,animal-associated
GCA_013333915.2_ASM1333391v2_genomic,ncbi,NCBI_GCA013333915.2_Absconditabacteria_36,Absconditabacteria,FALSE,17,None,human oral,animal-associated
GCA_903877025.1_freshwater_MAG_---_AlinenLipids_bin-2261_genomic,ncbi,NCBI_GCA903877025.1_Saccharibacteria_37,Saccharibacteria,FALSE,27,None,lake,freshwater
GCA_903825335.1_freshwater_MAG_---_LaPlata_bin-1972_genomic,ncbi,NCBI_GCA903825335.1_Saccharibacteria_41,Saccharibacteria,FALSE,216,None,lake,freshwater
GCA_903837875.1_freshwater_MAG_---_Umea_bin-00478_genomic,ncbi,NCBI_GCA903837875.1_Saccharibacteria_34,Saccharibacteria,FALSE,65,None,lake,freshwater
GCA_903839435.1_freshwater_MAG_---_Kiruna_bin-08663_genomic,ncbi,NCBI_GCA903839435.1_Saccharibacteria_37,Saccharibacteria,FALSE,117,None,lake,freshwater
GCA_903920345.1_freshwater_MAG_---_Kiruna_bin-12443_genomic,ncbi,NCBI_GCA903920345.1_Saccharibacteria_39,Saccharibacteria,FALSE,203,None,lake,freshwater
GCA_903925195.1_freshwater_MAG_---_YR_bin-4708_genomic,ncbi,NCBI_GCA903925195.1_Saccharibacteria_36,Saccharibacteria,FALSE,111,None,lake,freshwater
GCA_903900685.1_freshwater_MAG_---_Umea3p3_bin-0045_genomic,ncbi,NCBI_GCA903900685.1_Saccharibacteria_35,Saccharibacteria,FALSE,106,None,lake,freshwater
GCA_903821315.1_freshwater_MAG_---_AM-lipid-01-D2_bin-004_genomic,ncbi,NCBI_GCA903821315.1_Saccharibacteria_40,Saccharibacteria,FALSE,13,None,lake,freshwater
GCA_903839515.1_freshwater_MAG_---_Kiruna2_bin-2349_genomic,ncbi,NCBI_GCA903839515.1_Saccharibacteria_37,Saccharibacteria,FALSE,130,None,lake,freshwater
GCA_013815775.1_ASM1381577v1_genomic,ncbi,NCBI_GCA013815775.1_Saccharibacteria_45,Saccharibacteria,FALSE,4,None,soil,soil
GCA_013815785.1_ASM1381578v1_genomic,ncbi,NCBI_GCA013815785.1_Saccharibacteria_44,Saccharibacteria,FALSE,53,None,soil,soil
GCA_013816445.1_ASM1381644v1_genomic,ncbi,NCBI_GCA013816445.1_Saccharibacteria_40,Saccharibacteria,FALSE,117,None,soil,soil
GCA_903826645.1_freshwater_MAG_---_AM-lipid-01-D4_bin-1324_genomic,ncbi,NCBI_GCA903826645.1_Saccharibacteria_37,Saccharibacteria,FALSE,138,None,lake,freshwater
GCA_013694995.1_ASM1369499v1_genomic,ncbi,NCBI_GCA013694995.1_Saccharibacteria_45,Saccharibacteria,FALSE,7,None,soil,soil
GCA_903829335.1_freshwater_MAG_---_AM-lipid-02-D1_bin-0304_genomic,ncbi,NCBI_GCA903829335.1_Saccharibacteria_37,Saccharibacteria,FALSE,17,None,lake,freshwater
GCA_903819735.1_freshwater_MAG_---_Umea1p1_bin-223_genomic,ncbi,NCBI_GCA903819735.1_Saccharibacteria_42,Saccharibacteria,FALSE,179,None,lake,freshwater
GCA_903946795.1_freshwater_MAG_---_Loc090907-4m_bin-620_genomic,ncbi,NCBI_GCA903946795.1_Saccharibacteria_42,Saccharibacteria,FALSE,95,None,lake,freshwater
1332188.3,patric,PATRIC_1332188.3_Saccharibacteria_49,Saccharibacteria,TRUE,1,metagenome; activated sludge bioreactor,bioreactor,engineered
179883.5,patric,PATRIC_179883.5_Saccharibacteria_43,Saccharibacteria,FALSE,109,human gut,human gut,animal-associated
1917697.3,patric,PATRIC_1917697.3_Saccharibacteria_52,Saccharibacteria,FALSE,621,supragingival plaque isolated from 88 juvenile twins,human oral,animal-associated
1953315.3,patric,PATRIC_1953315.3_Saccharibacteria_41,Saccharibacteria,FALSE,18,"Switch grass fiber attached community in cow rumen, 72 hour post incubation",animal gut,animal-associated
1953318.3,patric,PATRIC_1953318.3_Saccharibacteria_42,Saccharibacteria,FALSE,44,Feces of six-years-old elephant,animal fecal,animal-associated
1953323.3,patric,PATRIC_1953323.3_Saccharibacteria_50,Saccharibacteria,FALSE,3,activated sludge,bioreactor,engineered
1953330.3,patric,PATRIC_1953330.3_Saccharibacteria_45,Saccharibacteria,FALSE,36,rumen,animal gut,animal-associated
1953331.3,patric,PATRIC_1953331.3_Saccharibacteria_42,Saccharibacteria,FALSE,25,rumen,animal gut,animal-associated
1953334.3,patric,PATRIC_1953334.3_Saccharibacteria_40,Saccharibacteria,FALSE,13,high methane producing sheep,animal gut,animal-associated
1953335.3,patric,PATRIC_1953335.3_Saccharibacteria_43,Saccharibacteria,FALSE,88,high methane producing sheep,animal gut,animal-associated
1953337.3,patric,PATRIC_1953337.3_Saccharibacteria_45,Saccharibacteria,FALSE,17,low methane producing sheep,animal gut,animal-associated
1953338.3,patric,PATRIC_1953338.3_Saccharibacteria_42,Saccharibacteria,FALSE,31,high methane producing sheep,animal gut,animal-associated
1953341.3,patric,PATRIC_1953341.3_Saccharibacteria_48,Saccharibacteria,FALSE,31,"saline water (ENVO:00002010), including plankton (ENVO:xxxxxxxx)",seawater,marine
1953346.3,patric,PATRIC_1953346.3_Saccharibacteria_53,Saccharibacteria,FALSE,48,soil,permafrost,soil
1953348.3,patric,PATRIC_1953348.3_Saccharibacteria_49,Saccharibacteria,FALSE,47,soil,permafrost,soil
1953350.3,patric,PATRIC_1953350.3_Saccharibacteria_52,Saccharibacteria,FALSE,17,soil,permafrost,soil
1953351.3,patric,PATRIC_1953351.3_Saccharibacteria_52,Saccharibacteria,FALSE,12,soil,permafrost,soil
1953352.3,patric,PATRIC_1953352.3_Saccharibacteria_54,Saccharibacteria,FALSE,25,soil,permafrost,soil
1953353.3,patric,PATRIC_1953353.3_Saccharibacteria_52,Saccharibacteria,FALSE,45,soil,permafrost,soil
1953361.3,patric,PATRIC_1953361.3_Saccharibacteria_46,Saccharibacteria,FALSE,31,soil,permafrost,soil
1953369.3,patric,PATRIC_1953369.3_Saccharibacteria_51,Saccharibacteria,FALSE,3,0.22um filtered reactor supernatant,bioreactor,engineered
1953377.3,patric,PATRIC_1953377.3_Saccharibacteria_50,Saccharibacteria,FALSE,6,soil,permafrost,soil
1986206.5,patric,PATRIC_1986206.5_Saccharibacteria_48,Saccharibacteria,FALSE,71,ancient dental calculus,human oral,animal-associated
2026720.1,patric,PATRIC_2026720.100_Saccharibacteria_56,Saccharibacteria,FALSE,67,None,sponge,marine
2026720.101,patric,PATRIC_2026720.101_Saccharibacteria_49,Saccharibacteria,FALSE,368,first pond of the CYC serial dairy industry stabilization pond system,dairy pond,engineered
2026720.111,patric,PATRIC_2026720.111_Saccharibacteria_51,Saccharibacteria,FALSE,138,hot spring sediment,spring sediment,sediment
2026720.113,patric,PATRIC_2026720.113_Saccharibacteria_43,Saccharibacteria,FALSE,205,first pond of the CYC serial dairy industry stabilization pond system,dairy pond,engineered
2026720.114,patric,PATRIC_2026720.114_Saccharibacteria_45,Saccharibacteria,FALSE,111,first pond of the CYC serial dairy industry stabilization pond system,dairy pond,engineered
2026720.118,patric,PATRIC_2026720.118_Saccharibacteria_42,Saccharibacteria,FALSE,92,first pond of the AUR serial dairy industry stabilization pond system,dairy pond,engineered
2026720.123,patric,PATRIC_2026720.123_Saccharibacteria_45,Saccharibacteria,FALSE,55,seawater,seawater,marine
2026720.126,patric,PATRIC_2026720.126_Saccharibacteria_43,Saccharibacteria,FALSE,1,Mariner hydrothermal plume 25m,hydrothermal vent,marine
2026720.127,patric,PATRIC_2026720.127_Saccharibacteria_48,Saccharibacteria,FALSE,13,soil,soil,soil
2026720.14,patric,PATRIC_2026720.14_Saccharibacteria_45,Saccharibacteria,FALSE,33,desert soil,soil,soil
2026720.15,patric,PATRIC_2026720.15_Saccharibacteria_48,Saccharibacteria,FALSE,14,permafrost active layer soil,permafrost,soil
2026720.153,patric,PATRIC_2026720.153_Saccharibacteria_43,Saccharibacteria,FALSE,57,biofilm growing on a polymer composite week 18,biopolymer,engineered
2026720.16,patric,PATRIC_2026720.16_Saccharibacteria_40,Saccharibacteria,FALSE,11,permafrost active layer soil,permafrost,soil
2026720.17,patric,PATRIC_2026720.17_Saccharibacteria_43,Saccharibacteria,FALSE,18,permafrost active layer soil,permafrost,soil
2026720.18,patric,PATRIC_2026720.18_Saccharibacteria_45,Saccharibacteria,FALSE,164,marine hydrothermal chimney wall TVG10,hydrothermal vent,marine
2026720.19,patric,PATRIC_2026720.19_Saccharibacteria_38,Saccharibacteria,FALSE,85,marine hydrothermal chimney wall TVG10,hydrothermal vent,marine
2026720.2,patric,PATRIC_2026720.20_Saccharibacteria_45,Saccharibacteria,FALSE,129,marine hydrothermal chimney wall TVG10,hydrothermal vent,marine
2026720.22,patric,PATRIC_2026720.22_Saccharibacteria_51,Saccharibacteria,FALSE,4,marine hydrothermal sulfide sediment TVG12,hydrothermal vent,marine
2026720.23,patric,PATRIC_2026720.23_Saccharibacteria_49,Saccharibacteria,FALSE,98,marine hydrothermal sulfide sediment TVG12,hydrothermal vent,marine
2026720.27,patric,PATRIC_2026720.27_Saccharibacteria_51,Saccharibacteria,TRUE,1,groundwater,groundwater,freshwater
2026720.32,patric,PATRIC_2026720.32_Saccharibacteria_47,Saccharibacteria,FALSE,84,marine,seawater,marine
2026720.35,patric,PATRIC_2026720.35_Saccharibacteria_49,Saccharibacteria,FALSE,116,hypersaline soda lake sediment,soda lake,hypersaline
2026720.37,patric,PATRIC_2026720.37_Saccharibacteria_47,Saccharibacteria,FALSE,31,Secondary wastewater,wastewater,engineered
2026720.38,patric,PATRIC_2026720.38_Saccharibacteria_44,Saccharibacteria,FALSE,35,colon,animal gut,animal-associated
2026720.5,patric,PATRIC_2026720.5_Saccharibacteria_51,Saccharibacteria,FALSE,25,marine water sample,seawater,marine
2026720.65,patric,PATRIC_2026720.65_Saccharibacteria_52,Saccharibacteria,FALSE,35,activated sludge and biofilm from membrane bioreactor,bioreactor,engineered
2026720.66,patric,PATRIC_2026720.66_Saccharibacteria_50,Saccharibacteria,FALSE,15,activated sludge and biofilm from membrane bioreactor,bioreactor,engineered
2026720.68,patric,PATRIC_2026720.68_Saccharibacteria_43,Saccharibacteria,FALSE,5,human gut,human gut,animal-associated
2026720.69,patric,PATRIC_2026720.69_Saccharibacteria_43,Saccharibacteria,FALSE,60,human gut,human gut,animal-associated
2026720.7,patric,PATRIC_2026720.70_Saccharibacteria_43,Saccharibacteria,FALSE,40,human gut,human gut,animal-associated
2026720.72,patric,PATRIC_2026720.72_Saccharibacteria_44,Saccharibacteria,FALSE,73,human gut,human gut,animal-associated
2026720.73,patric,PATRIC_2026720.73_Saccharibacteria_44,Saccharibacteria,FALSE,30,human gut,human gut,animal-associated
2026720.76,patric,PATRIC_2026720.76_Saccharibacteria_44,Saccharibacteria,FALSE,63,hypersaline soda lake brine,soda lake,hypersaline
2026720.79,patric,PATRIC_2026720.79_Saccharibacteria_47,Saccharibacteria,FALSE,66,hypersaline soda lake sediment,soda lake,hypersaline
2026720.8,patric,PATRIC_2026720.80_Saccharibacteria_47,Saccharibacteria,FALSE,74,hypersaline soda lake sediment,soda lake,hypersaline
2026720.84,patric,PATRIC_2026720.84_Saccharibacteria_43,Saccharibacteria,FALSE,38,freshwater,lake,freshwater
2026720.85,patric,PATRIC_2026720.85_Saccharibacteria_48,Saccharibacteria,FALSE,32,P4 gut compartment,animal gut,animal-associated
2026720.86,patric,PATRIC_2026720.86_Saccharibacteria_54,Saccharibacteria,FALSE,30,P3 gut compartment,animal gut,animal-associated
2026720.88,patric,PATRIC_2026720.88_Saccharibacteria_49,Saccharibacteria,FALSE,43,P3 gut compartment,animal gut,animal-associated
2026720.91,patric,PATRIC_2026720.91_Saccharibacteria_43,Saccharibacteria,FALSE,39,P4 gut compartment,animal gut,animal-associated
2026720.92,patric,PATRIC_2026720.92_Saccharibacteria_50,Saccharibacteria,FALSE,14,P1 gut compartment,animal gut,animal-associated
2026720.93,patric,PATRIC_2026720.93_Saccharibacteria_46,Saccharibacteria,FALSE,6,P3 gut compartment,animal gut,animal-associated
2026720.94,patric,PATRIC_2026720.94_Saccharibacteria_48,Saccharibacteria,FALSE,7,P3 gut compartment,animal gut,animal-associated
2026720.95,patric,PATRIC_2026720.95_Saccharibacteria_48,Saccharibacteria,FALSE,7,P1 gut compartment,animal gut,animal-associated
2026720.96,patric,PATRIC_2026720.96_Saccharibacteria_51,Saccharibacteria,FALSE,38,P3 gut compartment,animal gut,animal-associated
2026720.97,patric,PATRIC_2026720.97_Saccharibacteria_44,Saccharibacteria,FALSE,43,P4 gut compartment,animal gut,animal-associated
2026720.99,patric,PATRIC_2026720.99_Saccharibacteria_47,Saccharibacteria,FALSE,49,P3 gut compartment,animal gut,animal-associated
2080739.3,patric,PATRIC_2080739.3_Saccharibacteria_48,Saccharibacteria,TRUE,1,vaginal swab sample,human other,animal-associated
2080845.3,patric,PATRIC_2080845.3_Saccharibacteria_50,Saccharibacteria,FALSE,24,Oral cavity,human oral,animal-associated
2080846.3,patric,PATRIC_2080846.3_Saccharibacteria_51,Saccharibacteria,FALSE,35,Oral cavity,human oral,animal-associated
2080847.3,patric,PATRIC_2080847.3_Saccharibacteria_43,Saccharibacteria,FALSE,6,rumen,animal gut,animal-associated
2080848.5,patric,PATRIC_2080848.5_Saccharibacteria_40,Saccharibacteria,FALSE,29,Oral cavity,human oral,animal-associated
2080849.3,patric,PATRIC_2080849.3_Saccharibacteria_32,Saccharibacteria,FALSE,17,Oral cavity,human oral,animal-associated
2572087.3,patric,PATRIC_2572087.3_Saccharibacteria_47,Saccharibacteria,TRUE,1,human oral cavity UC16,human oral,animal-associated
2572088.3,patric,PATRIC_2572088.3_Saccharibacteria_48,Saccharibacteria,TRUE,1,human oral cavity UCLA2,human oral,animal-associated
2572089.3,patric,PATRIC_2572089.3_Saccharibacteria_44,Saccharibacteria,TRUE,1,human oral cavity UCLA1,human oral,animal-associated
2699178.3,patric,PATRIC_2699178.3_Saccharibacteria_51,Saccharibacteria,TRUE,1,oral cavity,human oral,animal-associated
2699179.3,patric,PATRIC_2699179.3_Saccharibacteria_51,Saccharibacteria,TRUE,1,oral cavity,human oral,animal-associated
2699180.3,patric,PATRIC_2699180.3_Saccharibacteria_51,Saccharibacteria,TRUE,1,oral cavity,human oral,animal-associated
2699181.3,patric,PATRIC_2699181.3_Saccharibacteria_47,Saccharibacteria,TRUE,1,oral cavity,human oral,animal-associated
2699182.3,patric,PATRIC_2699182.3_Saccharibacteria_51,Saccharibacteria,TRUE,1,oral cavity,human oral,animal-associated
2699183.3,patric,PATRIC_2699183.3_Saccharibacteria_47,Saccharibacteria,TRUE,1,oral cavity,human oral,animal-associated
671231.5,patric,PATRIC_671231.5_Saccharibacteria_40,Saccharibacteria,FALSE,19,saliva,human oral,animal-associated
713049.4,patric,PATRIC_713049.4_Saccharibacteria_48,Saccharibacteria,FALSE,22,subgingival fluid,human oral,animal-associated
713053.3,patric,PATRIC_713053.3_Saccharibacteria_42,Saccharibacteria,FALSE,58,saliva,human oral,animal-associated
713054.1,patric,PATRIC_713054.10_Saccharibacteria_42,Saccharibacteria,FALSE,110,saliva,human oral,animal-associated
713054.3,patric,PATRIC_713054.3_Saccharibacteria_43,Saccharibacteria,FALSE,28,saliva,human oral,animal-associated
713059.1,patric,PATRIC_713059.10_Saccharibacteria_51,Saccharibacteria,TRUE,1,human oral cavity FS03,human oral,animal-associated
713059.11,patric,PATRIC_713059.11_Saccharibacteria_51,Saccharibacteria,TRUE,1,human oral cavity UC19,human oral,animal-associated
713059.3,patric,PATRIC_713059.3_Saccharibacteria_51,Saccharibacteria,TRUE,1,human oral cavity UC19,human oral,animal-associated
713059.4,patric,PATRIC_713059.4_Saccharibacteria_51,Saccharibacteria,TRUE,1,human oral cavity UC16,human oral,animal-associated
713059.6,patric,PATRIC_713059.6_Saccharibacteria_47,Saccharibacteria,TRUE,1,human oral cavity UC01,human oral,animal-associated
713059.7,patric,PATRIC_713059.7_Saccharibacteria_51,Saccharibacteria,TRUE,1,human oral cavity UC03,human oral,animal-associated
713059.8,patric,PATRIC_713059.8_Saccharibacteria_51,Saccharibacteria,TRUE,1,human oral cavity UC15,human oral,animal-associated
713059.9,patric,PATRIC_713059.9_Saccharibacteria_50,Saccharibacteria,TRUE,1,human oral cavity UC02,human oral,animal-associated
1540874.3,patric,PATRIC_1540874.3_Absconditabacteria_38,Absconditabacteria,FALSE,3,single cell isolated by MDA; saliva/oral biofilm,human oral,animal-associated
1643353.28,patric,PATRIC_1643353.28_Absconditabacteria_33,Absconditabacteria,FALSE,1,Enrichment reactor seeded with activated sludge,bioreactor,engineered
2044938.1,patric,PATRIC_2044938.10_Absconditabacteria_37,Absconditabacteria,FALSE,123,hypersaline soda lake brine,soda lake,hypersaline
2044938.5,patric,PATRIC_2044938.5_Absconditabacteria_32,Absconditabacteria,FALSE,102,swab sample of gingival sulcus (mouth) from 29 year old lactating female Dolphin_Z,animal oral,animal-associated
2044938.8,patric,PATRIC_2044938.8_Absconditabacteria_33,Absconditabacteria,FALSE,50,hypersaline soda lake brine,soda lake,hypersaline
2044938.9,patric,PATRIC_2044938.9_Absconditabacteria_34,Absconditabacteria,FALSE,118,hypersaline soda lake brine,soda lake,hypersaline
1130342.4,patric,PATRIC_1130342.4_Gracilibacteria_23,Gracilibacteria,FALSE,65,Single cell isolation,seawater,marine
1540872.6,patric,PATRIC_1540872.6_Gracilibacteria_25,Gracilibacteria,TRUE,1,None,human oral,animal-associated
1805210.18,patric,PATRIC_1805210.18_Gracilibacteria_38,Gracilibacteria,FALSE,72,groundwater filtered through a a 3.0 um filter and then through a 0.2 um filter,groundwater,freshwater
1805211.18,patric,PATRIC_1805211.18_Gracilibacteria_37,Gracilibacteria,FALSE,134,groundwater filtered through a 3.0 um filter,groundwater,freshwater
1912928.3,patric,PATRIC_1912928.3_Gracilibacteria_25,Gracilibacteria,FALSE,11,single-cell amplified by MDA; oral cavity saliva/biofilm,human oral,animal-associated
1914866.3,patric,PATRIC_1914866.3_Gracilibacteria_37,Gracilibacteria,FALSE,6,single-cell amplified by MDA; oral cavity saliva/biofilm,human oral,animal-associated
2044595.12,patric,PATRIC_2044595.12_Gracilibacteria_35,Gracilibacteria,FALSE,41,swab sample of gingival sulcus (mouth) from 29 year old lactating female Dolphin_Z,animal oral,animal-associated
2044595.17,patric,PATRIC_2044595.17_Gracilibacteria_42,Gracilibacteria,FALSE,90,metagenome,groundwater,freshwater
2044595.2,patric,PATRIC_2044595.20_Gracilibacteria_38,Gracilibacteria,FALSE,67,Advanced Water Purification Facility,wastewater,engineered
2044595.21,patric,PATRIC_2044595.21_Gracilibacteria_26,Gracilibacteria,FALSE,220,first pond of the CYC serial dairy industry stabilization pond system,dairy pond,engineered
2044595.24,patric,PATRIC_2044595.24_Gracilibacteria_37,Gracilibacteria,FALSE,170,hot spring sediment,sediment,sediment
2044595.33,patric,PATRIC_2044595.33_Gracilibacteria_26,Gracilibacteria,FALSE,8,biofilm growing on a polymer composite week 18,biopolymer,engineered
GN02_MAG_IV_B_1,Shaiber_and_Eren_2019,Shaiber2019_GN02MAGIVB1_Gracilibacteria_25,Gracilibacteria,FALSE,119,None,human oral,animal-associated
SR1_MAG_IV_A_2,Shaiber_and_Eren_2019,Shaiber2019_SR1MAGIVA2_Absconditabacteria_38,Absconditabacteria,FALSE,133,None,human oral,animal-associated
TM7_MAG_III_A_1,Shaiber_and_Eren_2019,Shaiber2019_TM7MAGIIIA1_Saccharibacteria_47,Saccharibacteria,FALSE,90,None,human oral,animal-associated
GN02_MAG_IV_B_2,Shaiber_and_Eren_2019,Shaiber2019_GN02MAGIVB2_Gracilibacteria_25,Gracilibacteria,FALSE,109,None,human oral,animal-associated
TM7_MAG_III_B_1,Shaiber_and_Eren_2019,Shaiber2019_TM7MAGIIIB1_Saccharibacteria_35,Saccharibacteria,FALSE,233,None,human oral,animal-associated
ORAL_P-C-M_Bin_00022,Shaiber_et_al_2020,Shaiber2020_ORALPCMBin00022_Saccharibacteria_46,Saccharibacteria,FALSE,89,None,human oral,animal-associated
ORAL_T-C-M_Bin_00015,Shaiber_et_al_2020,Shaiber2020_ORALTCMBin00015_Saccharibacteria_41,Saccharibacteria,FALSE,101,None,human oral,animal-associated
ORAL_T-C-M_Bin_00012,Shaiber_et_al_2020,Shaiber2020_ORALTCMBin00012_Saccharibacteria_41,Saccharibacteria,FALSE,59,None,human oral,animal-associated
ORAL_P-A-F_Bin_00012,Shaiber_et_al_2020,Shaiber2020_ORALPAFBin00012_Saccharibacteria_38,Saccharibacteria,FALSE,21,None,human oral,animal-associated
ORAL_P-D-F_Bin_00011,Shaiber_et_al_2020,Shaiber2020_ORALPDFBin00011_Saccharibacteria_48,Saccharibacteria,FALSE,108,None,human oral,animal-associated
ORAL_P-B-F_Bin_00032,Shaiber_et_al_2020,Shaiber2020_ORALPBFBin00032_Absconditabacteria_39,Absconditabacteria,FALSE,41,None,human oral,animal-associated
ORAL_P-C-F_Bin_00011,Shaiber_et_al_2020,Shaiber2020_ORALPCFBin00011_Absconditabacteria_36,Absconditabacteria,FALSE,158,None,human oral,animal-associated
ORAL_T-C-M_Bin_00011,Shaiber_et_al_2020,Shaiber2020_ORALTCMBin00011_Saccharibacteria_33,Saccharibacteria,FALSE,25,None,human oral,animal-associated